NUTS1,date,n
UKC,2019-01-02,34
UKC,2019-01-03,23
UKC,2019-01-04,50
UKC,2019-01-07,68
UKC,2019-01-08,49
UKC,2019-01-09,50
UKC,2019-01-10,49
UKC,2019-01-11,43
UKC,2019-01-14,101
UKC,2019-01-15,55
UKC,2019-01-16,74
UKC,2019-01-17,51
UKC,2019-01-18,52
UKC,2019-01-21,77
UKC,2019-01-22,57
UKC,2019-01-23,51
UKC,2019-01-24,49
UKC,2019-01-25,58
UKC,2019-01-28,83
UKC,2019-01-29,56
UKC,2019-01-30,53
UKC,2019-01-31,48
UKC,2019-02-01,50
UKC,2019-02-04,85
UKC,2019-02-05,60
UKC,2019-02-06,47
UKC,2019-02-07,52
UKC,2019-02-08,51
UKC,2019-02-11,88
UKC,2019-02-12,67
UKC,2019-02-13,73
UKC,2019-02-14,32
UKC,2019-02-15,61
UKC,2019-02-18,79
UKC,2019-02-19,57
UKC,2019-02-20,67
UKC,2019-02-21,49
UKC,2019-02-22,45
UKC,2019-02-23,2
UKC,2019-02-25,58
UKC,2019-02-26,55
UKC,2019-02-27,54
UKC,2019-02-28,56
UKC,2019-03-01,69
UKC,2019-03-04,96
UKC,2019-03-05,71
UKC,2019-03-06,47
UKC,2019-03-07,69
UKC,2019-03-08,71
UKC,2019-03-09,53
UKC,2019-03-11,60
UKC,2019-03-12,68
UKC,2019-03-13,71
UKC,2019-03-14,45
UKC,2019-03-15,64
UKC,2019-03-18,65
UKC,2019-03-19,56
UKC,2019-03-20,52
UKC,2019-03-21,72
UKC,2019-03-22,61
UKC,2019-03-23,58
UKC,2019-03-25,76
UKC,2019-03-26,67
UKC,2019-03-27,73
UKC,2019-03-28,57
UKC,2019-03-29,55
UKC,2019-03-30,45
UKC,2019-04-01,44
UKC,2019-04-02,64
UKC,2019-04-03,73
UKC,2019-04-04,59
UKC,2019-04-05,73
UKC,2019-04-08,71
UKC,2019-04-09,69
UKC,2019-04-10,68
UKC,2019-04-11,60
UKC,2019-04-12,56
UKC,2019-04-13,37
UKC,2019-04-15,52
UKC,2019-04-16,49
UKC,2019-04-17,47
UKC,2019-04-18,85
UKC,2019-04-20,33
UKC,2019-04-23,52
UKC,2019-04-24,41
UKC,2019-04-25,45
UKC,2019-04-26,51
UKC,2019-04-29,70
UKC,2019-04-30,46
UKC,2019-05-01,64
UKC,2019-05-02,74
UKC,2019-05-03,67
UKC,2019-05-07,74
UKC,2019-05-08,71
UKC,2019-05-09,37
UKC,2019-05-10,59
UKC,2019-05-13,58
UKC,2019-05-14,44
UKC,2019-05-15,51
UKC,2019-05-16,40
UKC,2019-05-17,48
UKC,2019-05-20,76
UKC,2019-05-21,52
UKC,2019-05-22,79
UKC,2019-05-23,55
UKC,2019-05-24,58
UKC,2019-05-25,16
UKC,2019-05-28,114
UKC,2019-05-29,93
UKC,2019-05-30,58
UKC,2019-05-31,64
UKC,2019-06-03,86
UKC,2019-06-04,60
UKC,2019-06-05,55
UKC,2019-06-06,49
UKC,2019-06-07,27
UKC,2019-06-10,72
UKC,2019-06-11,54
UKC,2019-06-12,56
UKC,2019-06-13,62
UKC,2019-06-14,59
UKC,2019-06-15,3
UKC,2019-06-17,76
UKC,2019-06-18,47
UKC,2019-06-19,61
UKC,2019-06-20,31
UKC,2019-06-21,40
UKC,2019-06-24,62
UKC,2019-06-25,62
UKC,2019-06-26,61
UKC,2019-06-27,39
UKC,2019-06-28,69
UKC,2019-07-01,72
UKC,2019-07-02,66
UKC,2019-07-03,66
UKC,2019-07-04,57
UKC,2019-07-05,53
UKC,2019-07-06,30
UKC,2019-07-07,3
UKC,2019-07-08,46
UKC,2019-07-09,41
UKC,2019-07-10,59
UKC,2019-07-11,60
UKC,2019-07-12,64
UKC,2019-07-13,4
UKC,2019-07-14,3
UKC,2019-07-15,77
UKC,2019-07-16,54
UKC,2019-07-17,72
UKC,2019-07-18,44
UKC,2019-07-19,52
UKC,2019-07-20,9
UKC,2019-07-22,50
UKC,2019-07-23,53
UKC,2019-07-24,57
UKC,2019-07-25,47
UKC,2019-07-26,52
UKC,2019-07-27,11
UKC,2019-07-29,51
UKC,2019-07-30,39
UKC,2019-07-31,46
UKC,2019-08-01,56
UKC,2019-08-02,83
UKC,2019-08-05,80
UKC,2019-08-06,47
UKC,2019-08-07,76
UKC,2019-08-08,40
UKC,2019-08-09,70
UKC,2019-08-12,68
UKC,2019-08-13,61
UKC,2019-08-14,57
UKC,2019-08-15,44
UKC,2019-08-16,49
UKC,2019-08-19,92
UKC,2019-08-20,43
UKC,2019-08-21,69
UKC,2019-08-22,50
UKC,2019-08-23,49
UKC,2019-08-26,41
UKC,2019-08-27,58
UKC,2019-08-28,51
UKC,2019-08-29,42
UKC,2019-08-30,37
UKC,2019-09-02,55
UKC,2019-09-03,64
UKC,2019-09-04,64
UKC,2019-09-05,51
UKC,2019-09-06,80
UKC,2019-09-09,68
UKC,2019-09-10,60
UKC,2019-09-11,46
UKC,2019-09-12,55
UKC,2019-09-13,69
UKC,2019-09-15,2
UKC,2019-09-16,64
UKC,2019-09-17,62
UKC,2019-09-18,51
UKC,2019-09-19,43
UKC,2019-09-20,59
UKC,2019-09-21,54
UKC,2019-09-23,51
UKC,2019-09-24,55
UKC,2019-09-25,68
UKC,2019-09-26,66
UKC,2019-09-27,59
UKC,2019-09-30,77
UKC,2019-10-01,73
UKC,2019-10-02,61
UKC,2019-10-03,64
UKC,2019-10-04,66
UKC,2019-10-07,76
UKC,2019-10-08,44
UKC,2019-10-09,53
UKC,2019-10-10,61
UKC,2019-10-11,32
UKC,2019-10-12,40
UKC,2019-10-14,56
UKC,2019-10-15,54
UKC,2019-10-16,61
UKC,2019-10-17,58
UKC,2019-10-18,79
UKC,2019-10-21,52
UKC,2019-10-22,61
UKC,2019-10-23,60
UKC,2019-10-24,53
UKC,2019-10-25,43
UKC,2019-10-28,97
UKC,2019-10-29,79
UKC,2019-10-30,45
UKC,2019-10-31,47
UKC,2019-11-01,39
UKC,2019-11-04,58
UKC,2019-11-05,42
UKC,2019-11-06,50
UKC,2019-11-07,38
UKC,2019-11-08,68
UKC,2019-11-11,52
UKC,2019-11-12,55
UKC,2019-11-13,54
UKC,2019-11-14,45
UKC,2019-11-15,39
UKC,2019-11-18,62
UKC,2019-11-19,51
UKC,2019-11-20,54
UKC,2019-11-21,52
UKC,2019-11-22,48
UKC,2019-11-25,59
UKC,2019-11-26,43
UKC,2019-11-27,81
UKC,2019-11-28,51
UKC,2019-11-29,38
UKC,2019-12-02,71
UKC,2019-12-03,33
UKC,2019-12-04,44
UKC,2019-12-05,49
UKC,2019-12-06,42
UKC,2019-12-09,73
UKC,2019-12-10,40
UKC,2019-12-11,39
UKC,2019-12-12,47
UKC,2019-12-13,37
UKC,2019-12-16,48
UKC,2019-12-17,49
UKC,2019-12-18,57
UKC,2019-12-19,47
UKC,2019-12-20,47
UKC,2019-12-23,54
UKC,2019-12-24,9
UKC,2019-12-27,15
UKC,2019-12-30,47
UKC,2019-12-31,14
UKD,2019-01-02,184
UKD,2019-01-03,156
UKD,2019-01-04,259
UKD,2019-01-07,290
UKD,2019-01-08,275
UKD,2019-01-09,233
UKD,2019-01-10,247
UKD,2019-01-11,205
UKD,2019-01-14,336
UKD,2019-01-15,274
UKD,2019-01-16,340
UKD,2019-01-17,291
UKD,2019-01-18,215
UKD,2019-01-21,285
UKD,2019-01-22,305
UKD,2019-01-23,253
UKD,2019-01-24,258
UKD,2019-01-25,228
UKD,2019-01-28,378
UKD,2019-01-29,281
UKD,2019-01-30,241
UKD,2019-01-31,243
UKD,2019-02-01,262
UKD,2019-02-04,312
UKD,2019-02-05,284
UKD,2019-02-06,260
UKD,2019-02-07,249
UKD,2019-02-08,244
UKD,2019-02-11,411
UKD,2019-02-12,267
UKD,2019-02-13,275
UKD,2019-02-14,201
UKD,2019-02-15,274
UKD,2019-02-18,266
UKD,2019-02-19,309
UKD,2019-02-20,257
UKD,2019-02-21,209
UKD,2019-02-22,233
UKD,2019-02-23,12
UKD,2019-02-25,313
UKD,2019-02-26,242
UKD,2019-02-27,227
UKD,2019-02-28,266
UKD,2019-03-01,262
UKD,2019-03-04,371
UKD,2019-03-05,291
UKD,2019-03-06,272
UKD,2019-03-07,283
UKD,2019-03-08,310
UKD,2019-03-09,149
UKD,2019-03-11,233
UKD,2019-03-12,273
UKD,2019-03-13,289
UKD,2019-03-14,224
UKD,2019-03-15,295
UKD,2019-03-18,385
UKD,2019-03-19,286
UKD,2019-03-20,235
UKD,2019-03-21,284
UKD,2019-03-22,264
UKD,2019-03-23,267
UKD,2019-03-25,154
UKD,2019-03-26,256
UKD,2019-03-27,285
UKD,2019-03-28,255
UKD,2019-03-29,292
UKD,2019-03-30,214
UKD,2019-04-01,264
UKD,2019-04-02,255
UKD,2019-04-03,345
UKD,2019-04-04,268
UKD,2019-04-05,336
UKD,2019-04-06,8
UKD,2019-04-08,323
UKD,2019-04-09,286
UKD,2019-04-10,282
UKD,2019-04-11,269
UKD,2019-04-12,273
UKD,2019-04-13,159
UKD,2019-04-15,290
UKD,2019-04-16,209
UKD,2019-04-17,228
UKD,2019-04-18,280
UKD,2019-04-20,155
UKD,2019-04-23,273
UKD,2019-04-24,252
UKD,2019-04-25,240
UKD,2019-04-26,231
UKD,2019-04-27,3
UKD,2019-04-29,328
UKD,2019-04-30,198
UKD,2019-05-01,285
UKD,2019-05-02,213
UKD,2019-05-03,299
UKD,2019-05-07,307
UKD,2019-05-08,276
UKD,2019-05-09,215
UKD,2019-05-10,223
UKD,2019-05-13,279
UKD,2019-05-14,224
UKD,2019-05-15,214
UKD,2019-05-16,288
UKD,2019-05-17,283
UKD,2019-05-18,2
UKD,2019-05-20,366
UKD,2019-05-21,284
UKD,2019-05-22,280
UKD,2019-05-23,267
UKD,2019-05-24,238
UKD,2019-05-25,65
UKD,2019-05-28,228
UKD,2019-05-29,272
UKD,2019-05-30,231
UKD,2019-05-31,227
UKD,2019-06-03,317
UKD,2019-06-04,259
UKD,2019-06-05,288
UKD,2019-06-06,221
UKD,2019-06-07,242
UKD,2019-06-10,289
UKD,2019-06-11,280
UKD,2019-06-12,246
UKD,2019-06-13,210
UKD,2019-06-14,256
UKD,2019-06-15,9
UKD,2019-06-17,277
UKD,2019-06-18,250
UKD,2019-06-19,252
UKD,2019-06-20,188
UKD,2019-06-21,227
UKD,2019-06-24,290
UKD,2019-06-25,259
UKD,2019-06-26,264
UKD,2019-06-27,191
UKD,2019-06-28,205
UKD,2019-07-01,299
UKD,2019-07-02,250
UKD,2019-07-03,282
UKD,2019-07-04,228
UKD,2019-07-05,232
UKD,2019-07-06,174
UKD,2019-07-07,6
UKD,2019-07-08,241
UKD,2019-07-09,185
UKD,2019-07-10,271
UKD,2019-07-11,251
UKD,2019-07-12,321
UKD,2019-07-13,29
UKD,2019-07-14,9
UKD,2019-07-15,299
UKD,2019-07-16,194
UKD,2019-07-17,293
UKD,2019-07-18,186
UKD,2019-07-19,315
UKD,2019-07-20,31
UKD,2019-07-22,206
UKD,2019-07-23,304
UKD,2019-07-24,454
UKD,2019-07-25,198
UKD,2019-07-26,251
UKD,2019-07-27,41
UKD,2019-07-29,225
UKD,2019-07-30,198
UKD,2019-07-31,238
UKD,2019-08-01,236
UKD,2019-08-02,278
UKD,2019-08-05,236
UKD,2019-08-06,218
UKD,2019-08-07,255
UKD,2019-08-08,220
UKD,2019-08-09,236
UKD,2019-08-12,306
UKD,2019-08-13,249
UKD,2019-08-14,211
UKD,2019-08-15,218
UKD,2019-08-16,237
UKD,2019-08-19,359
UKD,2019-08-20,189
UKD,2019-08-21,233
UKD,2019-08-22,226
UKD,2019-08-23,192
UKD,2019-08-26,168
UKD,2019-08-27,198
UKD,2019-08-28,240
UKD,2019-08-29,241
UKD,2019-08-30,248
UKD,2019-09-02,278
UKD,2019-09-03,257
UKD,2019-09-04,335
UKD,2019-09-05,228
UKD,2019-09-06,313
UKD,2019-09-09,280
UKD,2019-09-10,253
UKD,2019-09-11,207
UKD,2019-09-12,239
UKD,2019-09-13,289
UKD,2019-09-15,13
UKD,2019-09-16,298
UKD,2019-09-17,251
UKD,2019-09-18,264
UKD,2019-09-19,140
UKD,2019-09-20,274
UKD,2019-09-21,225
UKD,2019-09-23,219
UKD,2019-09-24,244
UKD,2019-09-25,277
UKD,2019-09-26,260
UKD,2019-09-27,232
UKD,2019-09-30,297
UKD,2019-10-01,288
UKD,2019-10-02,278
UKD,2019-10-03,295
UKD,2019-10-04,241
UKD,2019-10-07,286
UKD,2019-10-08,331
UKD,2019-10-09,287
UKD,2019-10-10,281
UKD,2019-10-11,196
UKD,2019-10-12,142
UKD,2019-10-13,2
UKD,2019-10-14,216
UKD,2019-10-15,234
UKD,2019-10-16,317
UKD,2019-10-17,243
UKD,2019-10-18,243
UKD,2019-10-20,1
UKD,2019-10-21,250
UKD,2019-10-22,274
UKD,2019-10-23,250
UKD,2019-10-24,239
UKD,2019-10-25,207
UKD,2019-10-28,286
UKD,2019-10-29,291
UKD,2019-10-30,194
UKD,2019-10-31,195
UKD,2019-11-01,218
UKD,2019-11-04,270
UKD,2019-11-05,241
UKD,2019-11-06,262
UKD,2019-11-07,219
UKD,2019-11-08,332
UKD,2019-11-11,254
UKD,2019-11-12,292
UKD,2019-11-13,268
UKD,2019-11-14,220
UKD,2019-11-15,196
UKD,2019-11-18,284
UKD,2019-11-19,249
UKD,2019-11-20,281
UKD,2019-11-21,251
UKD,2019-11-22,222
UKD,2019-11-25,316
UKD,2019-11-26,227
UKD,2019-11-27,240
UKD,2019-11-28,200
UKD,2019-11-29,240
UKD,2019-12-02,310
UKD,2019-12-03,166
UKD,2019-12-04,213
UKD,2019-12-05,209
UKD,2019-12-06,169
UKD,2019-12-09,293
UKD,2019-12-10,174
UKD,2019-12-11,201
UKD,2019-12-12,207
UKD,2019-12-13,168
UKD,2019-12-16,241
UKD,2019-12-17,196
UKD,2019-12-18,181
UKD,2019-12-19,261
UKD,2019-12-20,194
UKD,2019-12-23,213
UKD,2019-12-24,71
UKD,2019-12-27,108
UKD,2019-12-30,184
UKD,2019-12-31,96
UKE,2019-01-02,101
UKE,2019-01-03,83
UKE,2019-01-04,158
UKE,2019-01-07,169
UKE,2019-01-08,142
UKE,2019-01-09,115
UKE,2019-01-10,134
UKE,2019-01-11,121
UKE,2019-01-14,185
UKE,2019-01-15,141
UKE,2019-01-16,148
UKE,2019-01-17,163
UKE,2019-01-18,124
UKE,2019-01-21,150
UKE,2019-01-22,131
UKE,2019-01-23,129
UKE,2019-01-24,129
UKE,2019-01-25,120
UKE,2019-01-28,203
UKE,2019-01-29,127
UKE,2019-01-30,133
UKE,2019-01-31,112
UKE,2019-02-01,129
UKE,2019-02-04,172
UKE,2019-02-05,144
UKE,2019-02-06,187
UKE,2019-02-07,145
UKE,2019-02-08,115
UKE,2019-02-11,252
UKE,2019-02-12,157
UKE,2019-02-13,154
UKE,2019-02-14,123
UKE,2019-02-15,149
UKE,2019-02-18,159
UKE,2019-02-19,178
UKE,2019-02-20,129
UKE,2019-02-21,124
UKE,2019-02-22,124
UKE,2019-02-23,2
UKE,2019-02-25,233
UKE,2019-02-26,144
UKE,2019-02-27,157
UKE,2019-02-28,153
UKE,2019-03-01,139
UKE,2019-03-04,217
UKE,2019-03-05,160
UKE,2019-03-06,143
UKE,2019-03-07,160
UKE,2019-03-08,179
UKE,2019-03-09,118
UKE,2019-03-11,171
UKE,2019-03-12,155
UKE,2019-03-13,155
UKE,2019-03-14,120
UKE,2019-03-15,155
UKE,2019-03-18,203
UKE,2019-03-19,159
UKE,2019-03-20,123
UKE,2019-03-21,174
UKE,2019-03-22,126
UKE,2019-03-23,114
UKE,2019-03-25,97
UKE,2019-03-26,156
UKE,2019-03-27,142
UKE,2019-03-28,146
UKE,2019-03-29,149
UKE,2019-03-30,131
UKE,2019-04-01,126
UKE,2019-04-02,141
UKE,2019-04-03,161
UKE,2019-04-04,136
UKE,2019-04-05,166
UKE,2019-04-06,2
UKE,2019-04-08,198
UKE,2019-04-09,184
UKE,2019-04-10,176
UKE,2019-04-11,136
UKE,2019-04-12,159
UKE,2019-04-13,71
UKE,2019-04-15,156
UKE,2019-04-16,125
UKE,2019-04-17,123
UKE,2019-04-18,149
UKE,2019-04-20,103
UKE,2019-04-23,147
UKE,2019-04-24,122
UKE,2019-04-25,118
UKE,2019-04-26,92
UKE,2019-04-29,155
UKE,2019-04-30,118
UKE,2019-05-01,198
UKE,2019-05-02,126
UKE,2019-05-03,170
UKE,2019-05-07,175
UKE,2019-05-08,210
UKE,2019-05-09,120
UKE,2019-05-10,139
UKE,2019-05-13,174
UKE,2019-05-14,158
UKE,2019-05-15,147
UKE,2019-05-16,158
UKE,2019-05-17,168
UKE,2019-05-20,248
UKE,2019-05-21,178
UKE,2019-05-22,184
UKE,2019-05-23,117
UKE,2019-05-24,110
UKE,2019-05-25,46
UKE,2019-05-28,101
UKE,2019-05-29,158
UKE,2019-05-30,142
UKE,2019-05-31,114
UKE,2019-06-03,166
UKE,2019-06-04,142
UKE,2019-06-05,180
UKE,2019-06-06,89
UKE,2019-06-07,141
UKE,2019-06-10,174
UKE,2019-06-11,170
UKE,2019-06-12,143
UKE,2019-06-13,132
UKE,2019-06-14,163
UKE,2019-06-15,3
UKE,2019-06-17,160
UKE,2019-06-18,149
UKE,2019-06-19,161
UKE,2019-06-20,103
UKE,2019-06-21,131
UKE,2019-06-24,165
UKE,2019-06-25,150
UKE,2019-06-26,123
UKE,2019-06-27,96
UKE,2019-06-28,112
UKE,2019-07-01,181
UKE,2019-07-02,140
UKE,2019-07-03,174
UKE,2019-07-04,126
UKE,2019-07-05,134
UKE,2019-07-06,85
UKE,2019-07-07,5
UKE,2019-07-08,194
UKE,2019-07-09,102
UKE,2019-07-10,140
UKE,2019-07-11,149
UKE,2019-07-12,156
UKE,2019-07-13,13
UKE,2019-07-14,3
UKE,2019-07-15,156
UKE,2019-07-16,108
UKE,2019-07-17,129
UKE,2019-07-18,95
UKE,2019-07-19,139
UKE,2019-07-20,24
UKE,2019-07-22,137
UKE,2019-07-23,129
UKE,2019-07-24,187
UKE,2019-07-25,122
UKE,2019-07-26,133
UKE,2019-07-27,26
UKE,2019-07-29,102
UKE,2019-07-30,110
UKE,2019-07-31,154
UKE,2019-08-01,140
UKE,2019-08-02,155
UKE,2019-08-05,153
UKE,2019-08-06,146
UKE,2019-08-07,168
UKE,2019-08-08,125
UKE,2019-08-09,142
UKE,2019-08-12,157
UKE,2019-08-13,133
UKE,2019-08-14,117
UKE,2019-08-15,94
UKE,2019-08-16,130
UKE,2019-08-19,197
UKE,2019-08-20,104
UKE,2019-08-21,114
UKE,2019-08-22,93
UKE,2019-08-23,114
UKE,2019-08-26,101
UKE,2019-08-27,100
UKE,2019-08-28,117
UKE,2019-08-29,96
UKE,2019-08-30,110
UKE,2019-09-02,167
UKE,2019-09-03,135
UKE,2019-09-04,126
UKE,2019-09-05,135
UKE,2019-09-06,138
UKE,2019-09-09,157
UKE,2019-09-10,129
UKE,2019-09-11,161
UKE,2019-09-12,132
UKE,2019-09-13,158
UKE,2019-09-15,5
UKE,2019-09-16,170
UKE,2019-09-17,143
UKE,2019-09-18,110
UKE,2019-09-19,84
UKE,2019-09-20,166
UKE,2019-09-21,120
UKE,2019-09-23,120
UKE,2019-09-24,148
UKE,2019-09-25,145
UKE,2019-09-26,139
UKE,2019-09-27,126
UKE,2019-09-30,208
UKE,2019-10-01,180
UKE,2019-10-02,172
UKE,2019-10-03,160
UKE,2019-10-04,116
UKE,2019-10-07,146
UKE,2019-10-08,124
UKE,2019-10-09,136
UKE,2019-10-10,183
UKE,2019-10-11,211
UKE,2019-10-12,119
UKE,2019-10-13,2
UKE,2019-10-14,140
UKE,2019-10-15,159
UKE,2019-10-16,264
UKE,2019-10-17,165
UKE,2019-10-18,141
UKE,2019-10-20,1
UKE,2019-10-21,143
UKE,2019-10-22,112
UKE,2019-10-23,162
UKE,2019-10-24,165
UKE,2019-10-25,148
UKE,2019-10-28,182
UKE,2019-10-29,152
UKE,2019-10-30,111
UKE,2019-10-31,110
UKE,2019-11-01,123
UKE,2019-11-04,175
UKE,2019-11-05,131
UKE,2019-11-06,125
UKE,2019-11-07,94
UKE,2019-11-08,152
UKE,2019-11-11,120
UKE,2019-11-12,169
UKE,2019-11-13,134
UKE,2019-11-14,109
UKE,2019-11-15,145
UKE,2019-11-18,118
UKE,2019-11-19,122
UKE,2019-11-20,141
UKE,2019-11-21,100
UKE,2019-11-22,120
UKE,2019-11-25,170
UKE,2019-11-26,129
UKE,2019-11-27,125
UKE,2019-11-28,115
UKE,2019-11-29,119
UKE,2019-12-02,207
UKE,2019-12-03,93
UKE,2019-12-04,128
UKE,2019-12-05,124
UKE,2019-12-06,85
UKE,2019-12-09,166
UKE,2019-12-10,117
UKE,2019-12-11,107
UKE,2019-12-12,106
UKE,2019-12-13,98
UKE,2019-12-16,165
UKE,2019-12-17,150
UKE,2019-12-18,149
UKE,2019-12-19,117
UKE,2019-12-20,108
UKE,2019-12-23,141
UKE,2019-12-24,42
UKE,2019-12-27,59
UKE,2019-12-30,134
UKE,2019-12-31,64
UKF,2019-01-02,96
UKF,2019-01-03,71
UKF,2019-01-04,116
UKF,2019-01-07,160
UKF,2019-01-08,139
UKF,2019-01-09,117
UKF,2019-01-10,120
UKF,2019-01-11,109
UKF,2019-01-14,190
UKF,2019-01-15,116
UKF,2019-01-16,144
UKF,2019-01-17,131
UKF,2019-01-18,140
UKF,2019-01-21,131
UKF,2019-01-22,125
UKF,2019-01-23,120
UKF,2019-01-24,115
UKF,2019-01-25,128
UKF,2019-01-28,209
UKF,2019-01-29,146
UKF,2019-01-30,107
UKF,2019-01-31,145
UKF,2019-02-01,118
UKF,2019-02-04,170
UKF,2019-02-05,140
UKF,2019-02-06,156
UKF,2019-02-07,129
UKF,2019-02-08,143
UKF,2019-02-11,237
UKF,2019-02-12,209
UKF,2019-02-13,142
UKF,2019-02-14,122
UKF,2019-02-15,211
UKF,2019-02-18,169
UKF,2019-02-19,175
UKF,2019-02-20,201
UKF,2019-02-21,118
UKF,2019-02-22,137
UKF,2019-02-23,4
UKF,2019-02-25,173
UKF,2019-02-26,149
UKF,2019-02-27,141
UKF,2019-02-28,150
UKF,2019-03-01,134
UKF,2019-03-04,218
UKF,2019-03-05,138
UKF,2019-03-06,147
UKF,2019-03-07,162
UKF,2019-03-08,143
UKF,2019-03-09,98
UKF,2019-03-11,195
UKF,2019-03-12,142
UKF,2019-03-13,193
UKF,2019-03-14,117
UKF,2019-03-15,157
UKF,2019-03-18,379
UKF,2019-03-19,196
UKF,2019-03-20,192
UKF,2019-03-21,163
UKF,2019-03-22,129
UKF,2019-03-23,136
UKF,2019-03-25,86
UKF,2019-03-26,155
UKF,2019-03-27,189
UKF,2019-03-28,234
UKF,2019-03-29,141
UKF,2019-03-30,195
UKF,2019-04-01,168
UKF,2019-04-02,125
UKF,2019-04-03,148
UKF,2019-04-04,109
UKF,2019-04-05,170
UKF,2019-04-06,4
UKF,2019-04-08,198
UKF,2019-04-09,162
UKF,2019-04-10,160
UKF,2019-04-11,162
UKF,2019-04-12,140
UKF,2019-04-13,78
UKF,2019-04-15,156
UKF,2019-04-16,102
UKF,2019-04-17,120
UKF,2019-04-18,126
UKF,2019-04-20,92
UKF,2019-04-23,136
UKF,2019-04-24,246
UKF,2019-04-25,145
UKF,2019-04-26,111
UKF,2019-04-29,196
UKF,2019-04-30,174
UKF,2019-05-01,141
UKF,2019-05-02,153
UKF,2019-05-03,138
UKF,2019-05-07,226
UKF,2019-05-08,191
UKF,2019-05-09,142
UKF,2019-05-10,153
UKF,2019-05-13,176
UKF,2019-05-14,130
UKF,2019-05-15,125
UKF,2019-05-16,145
UKF,2019-05-17,175
UKF,2019-05-20,205
UKF,2019-05-21,150
UKF,2019-05-22,124
UKF,2019-05-23,142
UKF,2019-05-24,130
UKF,2019-05-25,32
UKF,2019-05-28,127
UKF,2019-05-29,164
UKF,2019-05-30,122
UKF,2019-05-31,126
UKF,2019-06-03,167
UKF,2019-06-04,125
UKF,2019-06-05,156
UKF,2019-06-06,132
UKF,2019-06-07,122
UKF,2019-06-10,166
UKF,2019-06-11,153
UKF,2019-06-12,175
UKF,2019-06-13,135
UKF,2019-06-14,147
UKF,2019-06-15,2
UKF,2019-06-17,147
UKF,2019-06-18,151
UKF,2019-06-19,202
UKF,2019-06-20,136
UKF,2019-06-21,113
UKF,2019-06-24,148
UKF,2019-06-25,165
UKF,2019-06-26,196
UKF,2019-06-27,234
UKF,2019-06-28,182
UKF,2019-07-01,163
UKF,2019-07-02,132
UKF,2019-07-03,145
UKF,2019-07-04,118
UKF,2019-07-05,96
UKF,2019-07-06,71
UKF,2019-07-07,4
UKF,2019-07-08,134
UKF,2019-07-09,82
UKF,2019-07-10,129
UKF,2019-07-11,130
UKF,2019-07-12,129
UKF,2019-07-13,20
UKF,2019-07-15,145
UKF,2019-07-16,79
UKF,2019-07-17,151
UKF,2019-07-18,102
UKF,2019-07-19,125
UKF,2019-07-20,9
UKF,2019-07-22,102
UKF,2019-07-23,97
UKF,2019-07-24,132
UKF,2019-07-25,95
UKF,2019-07-26,130
UKF,2019-07-27,44
UKF,2019-07-29,180
UKF,2019-07-30,113
UKF,2019-07-31,168
UKF,2019-08-01,126
UKF,2019-08-02,116
UKF,2019-08-05,147
UKF,2019-08-06,124
UKF,2019-08-07,131
UKF,2019-08-08,101
UKF,2019-08-09,113
UKF,2019-08-12,168
UKF,2019-08-13,96
UKF,2019-08-14,105
UKF,2019-08-15,528
UKF,2019-08-16,105
UKF,2019-08-19,219
UKF,2019-08-20,97
UKF,2019-08-21,123
UKF,2019-08-22,101
UKF,2019-08-23,103
UKF,2019-08-26,79
UKF,2019-08-27,100
UKF,2019-08-28,244
UKF,2019-08-29,83
UKF,2019-08-30,137
UKF,2019-09-02,144
UKF,2019-09-03,112
UKF,2019-09-04,115
UKF,2019-09-05,111
UKF,2019-09-06,143
UKF,2019-09-09,146
UKF,2019-09-10,134
UKF,2019-09-11,258
UKF,2019-09-12,200
UKF,2019-09-13,161
UKF,2019-09-15,5
UKF,2019-09-16,226
UKF,2019-09-17,107
UKF,2019-09-18,117
UKF,2019-09-19,72
UKF,2019-09-20,147
UKF,2019-09-21,118
UKF,2019-09-23,109
UKF,2019-09-24,108
UKF,2019-09-25,114
UKF,2019-09-26,127
UKF,2019-09-27,124
UKF,2019-09-30,166
UKF,2019-10-01,150
UKF,2019-10-02,141
UKF,2019-10-03,130
UKF,2019-10-04,117
UKF,2019-10-07,171
UKF,2019-10-08,111
UKF,2019-10-09,137
UKF,2019-10-10,139
UKF,2019-10-11,95
UKF,2019-10-12,106
UKF,2019-10-13,4
UKF,2019-10-14,164
UKF,2019-10-15,103
UKF,2019-10-16,150
UKF,2019-10-17,103
UKF,2019-10-18,103
UKF,2019-10-21,97
UKF,2019-10-22,121
UKF,2019-10-23,143
UKF,2019-10-24,146
UKF,2019-10-25,109
UKF,2019-10-28,183
UKF,2019-10-29,120
UKF,2019-10-30,102
UKF,2019-10-31,111
UKF,2019-11-01,102
UKF,2019-11-04,160
UKF,2019-11-05,124
UKF,2019-11-06,139
UKF,2019-11-07,80
UKF,2019-11-08,166
UKF,2019-11-11,135
UKF,2019-11-12,136
UKF,2019-11-13,114
UKF,2019-11-14,113
UKF,2019-11-15,114
UKF,2019-11-18,162
UKF,2019-11-19,101
UKF,2019-11-20,131
UKF,2019-11-21,102
UKF,2019-11-22,114
UKF,2019-11-25,162
UKF,2019-11-26,130
UKF,2019-11-27,127
UKF,2019-11-28,104
UKF,2019-11-29,120
UKF,2019-12-02,189
UKF,2019-12-03,95
UKF,2019-12-04,171
UKF,2019-12-05,189
UKF,2019-12-06,78
UKF,2019-12-09,190
UKF,2019-12-10,85
UKF,2019-12-11,84
UKF,2019-12-12,98
UKF,2019-12-13,61
UKF,2019-12-16,128
UKF,2019-12-17,102
UKF,2019-12-18,129
UKF,2019-12-19,98
UKF,2019-12-20,106
UKF,2019-12-23,101
UKF,2019-12-24,34
UKF,2019-12-27,50
UKF,2019-12-30,136
UKF,2019-12-31,66
UKG,2019-01-02,112
UKG,2019-01-03,117
UKG,2019-01-04,183
UKG,2019-01-07,230
UKG,2019-01-08,180
UKG,2019-01-09,149
UKG,2019-01-10,177
UKG,2019-01-11,135
UKG,2019-01-14,231
UKG,2019-01-15,193
UKG,2019-01-16,252
UKG,2019-01-17,188
UKG,2019-01-18,224
UKG,2019-01-21,226
UKG,2019-01-22,230
UKG,2019-01-23,200
UKG,2019-01-24,208
UKG,2019-01-25,215
UKG,2019-01-28,426
UKG,2019-01-29,228
UKG,2019-01-30,190
UKG,2019-01-31,210
UKG,2019-02-01,205
UKG,2019-02-04,252
UKG,2019-02-05,245
UKG,2019-02-06,245
UKG,2019-02-07,287
UKG,2019-02-08,221
UKG,2019-02-11,374
UKG,2019-02-12,250
UKG,2019-02-13,222
UKG,2019-02-14,194
UKG,2019-02-15,209
UKG,2019-02-18,193
UKG,2019-02-19,231
UKG,2019-02-20,214
UKG,2019-02-21,184
UKG,2019-02-22,215
UKG,2019-02-23,4
UKG,2019-02-25,305
UKG,2019-02-26,190
UKG,2019-02-27,221
UKG,2019-02-28,223
UKG,2019-03-01,228
UKG,2019-03-04,326
UKG,2019-03-05,323
UKG,2019-03-06,259
UKG,2019-03-07,300
UKG,2019-03-08,339
UKG,2019-03-09,151
UKG,2019-03-11,302
UKG,2019-03-12,265
UKG,2019-03-13,344
UKG,2019-03-14,202
UKG,2019-03-15,247
UKG,2019-03-18,348
UKG,2019-03-19,274
UKG,2019-03-20,205
UKG,2019-03-21,271
UKG,2019-03-22,262
UKG,2019-03-23,279
UKG,2019-03-25,183
UKG,2019-03-26,332
UKG,2019-03-27,239
UKG,2019-03-28,313
UKG,2019-03-29,197
UKG,2019-03-30,209
UKG,2019-04-01,240
UKG,2019-04-02,194
UKG,2019-04-03,259
UKG,2019-04-04,169
UKG,2019-04-05,294
UKG,2019-04-06,8
UKG,2019-04-08,352
UKG,2019-04-09,260
UKG,2019-04-10,257
UKG,2019-04-11,235
UKG,2019-04-12,369
UKG,2019-04-13,95
UKG,2019-04-15,181
UKG,2019-04-16,165
UKG,2019-04-17,187
UKG,2019-04-18,188
UKG,2019-04-20,132
UKG,2019-04-23,214
UKG,2019-04-24,162
UKG,2019-04-25,166
UKG,2019-04-26,173
UKG,2019-04-29,229
UKG,2019-04-30,200
UKG,2019-05-01,206
UKG,2019-05-02,167
UKG,2019-05-03,221
UKG,2019-05-07,261
UKG,2019-05-08,220
UKG,2019-05-09,170
UKG,2019-05-10,220
UKG,2019-05-13,249
UKG,2019-05-14,223
UKG,2019-05-15,203
UKG,2019-05-16,228
UKG,2019-05-17,238
UKG,2019-05-18,1
UKG,2019-05-20,319
UKG,2019-05-21,272
UKG,2019-05-22,255
UKG,2019-05-23,220
UKG,2019-05-24,192
UKG,2019-05-25,55
UKG,2019-05-28,191
UKG,2019-05-29,286
UKG,2019-05-30,167
UKG,2019-05-31,146
UKG,2019-06-03,259
UKG,2019-06-04,141
UKG,2019-06-05,217
UKG,2019-06-06,145
UKG,2019-06-07,144
UKG,2019-06-10,261
UKG,2019-06-11,197
UKG,2019-06-12,167
UKG,2019-06-13,168
UKG,2019-06-14,148
UKG,2019-06-15,11
UKG,2019-06-17,195
UKG,2019-06-18,153
UKG,2019-06-19,244
UKG,2019-06-20,133
UKG,2019-06-21,167
UKG,2019-06-24,226
UKG,2019-06-25,224
UKG,2019-06-26,165
UKG,2019-06-27,151
UKG,2019-06-28,135
UKG,2019-07-01,219
UKG,2019-07-02,189
UKG,2019-07-03,229
UKG,2019-07-04,146
UKG,2019-07-05,153
UKG,2019-07-06,120
UKG,2019-07-07,4
UKG,2019-07-08,178
UKG,2019-07-09,141
UKG,2019-07-10,160
UKG,2019-07-11,176
UKG,2019-07-12,157
UKG,2019-07-13,37
UKG,2019-07-14,10
UKG,2019-07-15,233
UKG,2019-07-16,164
UKG,2019-07-17,186
UKG,2019-07-18,110
UKG,2019-07-19,185
UKG,2019-07-20,24
UKG,2019-07-22,148
UKG,2019-07-23,138
UKG,2019-07-24,229
UKG,2019-07-25,126
UKG,2019-07-26,213
UKG,2019-07-27,24
UKG,2019-07-29,243
UKG,2019-07-30,188
UKG,2019-07-31,180
UKG,2019-08-01,201
UKG,2019-08-02,201
UKG,2019-08-05,215
UKG,2019-08-06,199
UKG,2019-08-07,237
UKG,2019-08-08,170
UKG,2019-08-09,217
UKG,2019-08-12,284
UKG,2019-08-13,198
UKG,2019-08-14,174
UKG,2019-08-15,151
UKG,2019-08-16,177
UKG,2019-08-19,272
UKG,2019-08-20,190
UKG,2019-08-21,176
UKG,2019-08-22,204
UKG,2019-08-23,189
UKG,2019-08-26,154
UKG,2019-08-27,186
UKG,2019-08-28,177
UKG,2019-08-29,147
UKG,2019-08-30,166
UKG,2019-09-02,170
UKG,2019-09-03,175
UKG,2019-09-04,182
UKG,2019-09-05,193
UKG,2019-09-06,199
UKG,2019-09-09,216
UKG,2019-09-10,177
UKG,2019-09-11,218
UKG,2019-09-12,196
UKG,2019-09-13,258
UKG,2019-09-15,6
UKG,2019-09-16,244
UKG,2019-09-17,212
UKG,2019-09-18,235
UKG,2019-09-19,136
UKG,2019-09-20,299
UKG,2019-09-21,188
UKG,2019-09-23,193
UKG,2019-09-24,179
UKG,2019-09-25,282
UKG,2019-09-26,220
UKG,2019-09-27,153
UKG,2019-09-30,230
UKG,2019-10-01,266
UKG,2019-10-02,191
UKG,2019-10-03,240
UKG,2019-10-04,201
UKG,2019-10-07,239
UKG,2019-10-08,202
UKG,2019-10-09,255
UKG,2019-10-10,253
UKG,2019-10-11,157
UKG,2019-10-12,84
UKG,2019-10-13,5
UKG,2019-10-14,233
UKG,2019-10-15,182
UKG,2019-10-16,260
UKG,2019-10-17,221
UKG,2019-10-18,150
UKG,2019-10-21,226
UKG,2019-10-22,219
UKG,2019-10-23,207
UKG,2019-10-24,221
UKG,2019-10-25,185
UKG,2019-10-28,272
UKG,2019-10-29,210
UKG,2019-10-30,189
UKG,2019-10-31,166
UKG,2019-11-01,144
UKG,2019-11-04,215
UKG,2019-11-05,148
UKG,2019-11-06,186
UKG,2019-11-07,148
UKG,2019-11-08,221
UKG,2019-11-11,227
UKG,2019-11-12,239
UKG,2019-11-13,203
UKG,2019-11-14,173
UKG,2019-11-15,158
UKG,2019-11-18,260
UKG,2019-11-19,239
UKG,2019-11-20,265
UKG,2019-11-21,172
UKG,2019-11-22,179
UKG,2019-11-25,278
UKG,2019-11-26,215
UKG,2019-11-27,214
UKG,2019-11-28,190
UKG,2019-11-29,154
UKG,2019-12-02,294
UKG,2019-12-03,200
UKG,2019-12-04,184
UKG,2019-12-05,211
UKG,2019-12-06,140
UKG,2019-12-09,280
UKG,2019-12-10,151
UKG,2019-12-11,176
UKG,2019-12-12,171
UKG,2019-12-13,179
UKG,2019-12-16,248
UKG,2019-12-17,195
UKG,2019-12-18,196
UKG,2019-12-19,205
UKG,2019-12-20,214
UKG,2019-12-23,200
UKG,2019-12-24,62
UKG,2019-12-27,66
UKG,2019-12-30,174
UKG,2019-12-31,64
UKH,2019-01-02,153
UKH,2019-01-03,147
UKH,2019-01-04,233
UKH,2019-01-07,298
UKH,2019-01-08,221
UKH,2019-01-09,166
UKH,2019-01-10,185
UKH,2019-01-11,196
UKH,2019-01-14,351
UKH,2019-01-15,269
UKH,2019-01-16,270
UKH,2019-01-17,230
UKH,2019-01-18,202
UKH,2019-01-21,240
UKH,2019-01-22,210
UKH,2019-01-23,280
UKH,2019-01-24,207
UKH,2019-01-25,220
UKH,2019-01-28,379
UKH,2019-01-29,218
UKH,2019-01-30,215
UKH,2019-01-31,201
UKH,2019-02-01,245
UKH,2019-02-04,268
UKH,2019-02-05,236
UKH,2019-02-06,262
UKH,2019-02-07,284
UKH,2019-02-08,215
UKH,2019-02-11,354
UKH,2019-02-12,213
UKH,2019-02-13,253
UKH,2019-02-14,182
UKH,2019-02-15,256
UKH,2019-02-18,257
UKH,2019-02-19,237
UKH,2019-02-20,222
UKH,2019-02-21,200
UKH,2019-02-22,156
UKH,2019-02-23,7
UKH,2019-02-25,288
UKH,2019-02-26,230
UKH,2019-02-27,183
UKH,2019-02-28,209
UKH,2019-03-01,215
UKH,2019-03-04,344
UKH,2019-03-05,236
UKH,2019-03-06,191
UKH,2019-03-07,262
UKH,2019-03-08,245
UKH,2019-03-09,148
UKH,2019-03-11,242
UKH,2019-03-12,285
UKH,2019-03-13,326
UKH,2019-03-14,267
UKH,2019-03-15,290
UKH,2019-03-18,276
UKH,2019-03-19,265
UKH,2019-03-20,206
UKH,2019-03-21,285
UKH,2019-03-22,181
UKH,2019-03-23,203
UKH,2019-03-25,158
UKH,2019-03-26,217
UKH,2019-03-27,264
UKH,2019-03-28,213
UKH,2019-03-29,229
UKH,2019-03-30,192
UKH,2019-04-01,231
UKH,2019-04-02,206
UKH,2019-04-03,243
UKH,2019-04-04,189
UKH,2019-04-05,245
UKH,2019-04-06,9
UKH,2019-04-08,264
UKH,2019-04-09,218
UKH,2019-04-10,187
UKH,2019-04-11,227
UKH,2019-04-12,286
UKH,2019-04-13,125
UKH,2019-04-15,249
UKH,2019-04-16,155
UKH,2019-04-17,163
UKH,2019-04-18,227
UKH,2019-04-20,134
UKH,2019-04-23,248
UKH,2019-04-24,189
UKH,2019-04-25,191
UKH,2019-04-26,188
UKH,2019-04-29,287
UKH,2019-04-30,197
UKH,2019-05-01,244
UKH,2019-05-02,212
UKH,2019-05-03,238
UKH,2019-05-07,326
UKH,2019-05-08,252
UKH,2019-05-09,187
UKH,2019-05-10,230
UKH,2019-05-13,348
UKH,2019-05-14,230
UKH,2019-05-15,210
UKH,2019-05-16,199
UKH,2019-05-17,191
UKH,2019-05-20,338
UKH,2019-05-21,281
UKH,2019-05-22,272
UKH,2019-05-23,203
UKH,2019-05-24,165
UKH,2019-05-25,74
UKH,2019-05-28,203
UKH,2019-05-29,197
UKH,2019-05-30,198
UKH,2019-05-31,153
UKH,2019-06-03,285
UKH,2019-06-04,192
UKH,2019-06-05,244
UKH,2019-06-06,174
UKH,2019-06-07,194
UKH,2019-06-10,250
UKH,2019-06-11,231
UKH,2019-06-12,199
UKH,2019-06-13,185
UKH,2019-06-14,184
UKH,2019-06-15,10
UKH,2019-06-17,274
UKH,2019-06-18,193
UKH,2019-06-19,235
UKH,2019-06-20,134
UKH,2019-06-21,179
UKH,2019-06-24,201
UKH,2019-06-25,225
UKH,2019-06-26,177
UKH,2019-06-27,168
UKH,2019-06-28,169
UKH,2019-07-01,276
UKH,2019-07-02,224
UKH,2019-07-03,258
UKH,2019-07-04,194
UKH,2019-07-05,187
UKH,2019-07-06,137
UKH,2019-07-07,6
UKH,2019-07-08,198
UKH,2019-07-09,164
UKH,2019-07-10,203
UKH,2019-07-11,184
UKH,2019-07-12,234
UKH,2019-07-13,22
UKH,2019-07-14,8
UKH,2019-07-15,250
UKH,2019-07-16,149
UKH,2019-07-17,228
UKH,2019-07-18,160
UKH,2019-07-19,168
UKH,2019-07-20,29
UKH,2019-07-22,207
UKH,2019-07-23,180
UKH,2019-07-24,240
UKH,2019-07-25,143
UKH,2019-07-26,169
UKH,2019-07-27,24
UKH,2019-07-29,188
UKH,2019-07-30,192
UKH,2019-07-31,215
UKH,2019-08-01,199
UKH,2019-08-02,241
UKH,2019-08-05,236
UKH,2019-08-06,223
UKH,2019-08-07,246
UKH,2019-08-08,191
UKH,2019-08-09,273
UKH,2019-08-12,304
UKH,2019-08-13,198
UKH,2019-08-14,197
UKH,2019-08-15,161
UKH,2019-08-16,194
UKH,2019-08-19,333
UKH,2019-08-20,145
UKH,2019-08-21,207
UKH,2019-08-22,156
UKH,2019-08-23,156
UKH,2019-08-26,142
UKH,2019-08-27,185
UKH,2019-08-28,189
UKH,2019-08-29,167
UKH,2019-08-30,176
UKH,2019-09-02,210
UKH,2019-09-03,175
UKH,2019-09-04,183
UKH,2019-09-05,193
UKH,2019-09-06,237
UKH,2019-09-09,244
UKH,2019-09-10,220
UKH,2019-09-11,202
UKH,2019-09-12,170
UKH,2019-09-13,254
UKH,2019-09-15,9
UKH,2019-09-16,211
UKH,2019-09-17,184
UKH,2019-09-18,200
UKH,2019-09-19,101
UKH,2019-09-20,234
UKH,2019-09-21,182
UKH,2019-09-23,174
UKH,2019-09-24,171
UKH,2019-09-25,201
UKH,2019-09-26,230
UKH,2019-09-27,198
UKH,2019-09-30,262
UKH,2019-10-01,224
UKH,2019-10-02,216
UKH,2019-10-03,233
UKH,2019-10-04,224
UKH,2019-10-07,270
UKH,2019-10-08,220
UKH,2019-10-09,214
UKH,2019-10-10,215
UKH,2019-10-11,178
UKH,2019-10-12,102
UKH,2019-10-13,3
UKH,2019-10-14,197
UKH,2019-10-15,226
UKH,2019-10-16,240
UKH,2019-10-17,209
UKH,2019-10-18,202
UKH,2019-10-20,2
UKH,2019-10-21,204
UKH,2019-10-22,219
UKH,2019-10-23,204
UKH,2019-10-24,227
UKH,2019-10-25,183
UKH,2019-10-28,238
UKH,2019-10-29,221
UKH,2019-10-30,179
UKH,2019-10-31,193
UKH,2019-11-01,161
UKH,2019-11-04,291
UKH,2019-11-05,204
UKH,2019-11-06,202
UKH,2019-11-07,141
UKH,2019-11-08,242
UKH,2019-11-11,219
UKH,2019-11-12,223
UKH,2019-11-13,187
UKH,2019-11-14,154
UKH,2019-11-15,188
UKH,2019-11-18,219
UKH,2019-11-19,209
UKH,2019-11-20,214
UKH,2019-11-21,146
UKH,2019-11-22,172
UKH,2019-11-25,261
UKH,2019-11-26,212
UKH,2019-11-27,217
UKH,2019-11-28,168
UKH,2019-11-29,179
UKH,2019-12-02,284
UKH,2019-12-03,188
UKH,2019-12-04,167
UKH,2019-12-05,163
UKH,2019-12-06,148
UKH,2019-12-09,258
UKH,2019-12-10,151
UKH,2019-12-11,153
UKH,2019-12-12,163
UKH,2019-12-13,109
UKH,2019-12-16,194
UKH,2019-12-17,172
UKH,2019-12-18,168
UKH,2019-12-19,160
UKH,2019-12-20,177
UKH,2019-12-23,204
UKH,2019-12-24,68
UKH,2019-12-27,76
UKH,2019-12-30,188
UKH,2019-12-31,75
UKI,2019-01-02,579
UKI,2019-01-03,489
UKI,2019-01-04,734
UKI,2019-01-07,913
UKI,2019-01-08,904
UKI,2019-01-09,664
UKI,2019-01-10,706
UKI,2019-01-11,708
UKI,2019-01-14,995
UKI,2019-01-15,841
UKI,2019-01-16,933
UKI,2019-01-17,756
UKI,2019-01-18,680
UKI,2019-01-21,973
UKI,2019-01-22,778
UKI,2019-01-23,777
UKI,2019-01-24,762
UKI,2019-01-25,684
UKI,2019-01-28,1366
UKI,2019-01-29,889
UKI,2019-01-30,716
UKI,2019-01-31,718
UKI,2019-02-01,675
UKI,2019-02-04,993
UKI,2019-02-05,871
UKI,2019-02-06,836
UKI,2019-02-07,870
UKI,2019-02-08,729
UKI,2019-02-11,1358
UKI,2019-02-12,835
UKI,2019-02-13,779
UKI,2019-02-14,684
UKI,2019-02-15,844
UKI,2019-02-18,860
UKI,2019-02-19,916
UKI,2019-02-20,777
UKI,2019-02-21,693
UKI,2019-02-22,690
UKI,2019-02-23,40
UKI,2019-02-25,991
UKI,2019-02-26,768
UKI,2019-02-27,688
UKI,2019-02-28,759
UKI,2019-03-01,765
UKI,2019-03-04,1211
UKI,2019-03-05,977
UKI,2019-03-06,696
UKI,2019-03-07,822
UKI,2019-03-08,798
UKI,2019-03-09,461
UKI,2019-03-11,840
UKI,2019-03-12,809
UKI,2019-03-13,893
UKI,2019-03-14,669
UKI,2019-03-15,816
UKI,2019-03-18,1068
UKI,2019-03-19,851
UKI,2019-03-20,789
UKI,2019-03-21,854
UKI,2019-03-22,670
UKI,2019-03-23,671
UKI,2019-03-25,596
UKI,2019-03-26,721
UKI,2019-03-27,873
UKI,2019-03-28,739
UKI,2019-03-29,724
UKI,2019-03-30,648
UKI,2019-04-01,867
UKI,2019-04-02,715
UKI,2019-04-03,852
UKI,2019-04-04,670
UKI,2019-04-05,870
UKI,2019-04-06,27
UKI,2019-04-08,959
UKI,2019-04-09,1038
UKI,2019-04-10,907
UKI,2019-04-11,866
UKI,2019-04-12,840
UKI,2019-04-13,382
UKI,2019-04-15,965
UKI,2019-04-16,638
UKI,2019-04-17,688
UKI,2019-04-18,816
UKI,2019-04-20,537
UKI,2019-04-23,956
UKI,2019-04-24,686
UKI,2019-04-25,757
UKI,2019-04-26,713
UKI,2019-04-27,2
UKI,2019-04-29,1100
UKI,2019-04-30,800
UKI,2019-05-01,866
UKI,2019-05-02,802
UKI,2019-05-03,931
UKI,2019-05-07,1189
UKI,2019-05-08,861
UKI,2019-05-09,706
UKI,2019-05-10,805
UKI,2019-05-13,969
UKI,2019-05-14,825
UKI,2019-05-15,828
UKI,2019-05-16,807
UKI,2019-05-17,819
UKI,2019-05-18,1
UKI,2019-05-20,1196
UKI,2019-05-21,863
UKI,2019-05-22,1018
UKI,2019-05-23,778
UKI,2019-05-24,728
UKI,2019-05-25,228
UKI,2019-05-28,841
UKI,2019-05-29,804
UKI,2019-05-30,701
UKI,2019-05-31,742
UKI,2019-06-03,1069
UKI,2019-06-04,721
UKI,2019-06-05,857
UKI,2019-06-06,681
UKI,2019-06-07,650
UKI,2019-06-10,990
UKI,2019-06-11,873
UKI,2019-06-12,786
UKI,2019-06-13,755
UKI,2019-06-14,759
UKI,2019-06-15,31
UKI,2019-06-17,993
UKI,2019-06-18,792
UKI,2019-06-19,832
UKI,2019-06-20,591
UKI,2019-06-21,713
UKI,2019-06-24,887
UKI,2019-06-25,827
UKI,2019-06-26,719
UKI,2019-06-27,612
UKI,2019-06-28,639
UKI,2019-07-01,902
UKI,2019-07-02,885
UKI,2019-07-03,988
UKI,2019-07-04,745
UKI,2019-07-05,644
UKI,2019-07-06,513
UKI,2019-07-07,17
UKI,2019-07-08,779
UKI,2019-07-09,670
UKI,2019-07-10,768
UKI,2019-07-11,813
UKI,2019-07-12,812
UKI,2019-07-13,124
UKI,2019-07-14,34
UKI,2019-07-15,990
UKI,2019-07-16,682
UKI,2019-07-17,932
UKI,2019-07-18,712
UKI,2019-07-19,846
UKI,2019-07-20,103
UKI,2019-07-22,716
UKI,2019-07-23,689
UKI,2019-07-24,920
UKI,2019-07-25,655
UKI,2019-07-26,697
UKI,2019-07-27,72
UKI,2019-07-29,838
UKI,2019-07-30,661
UKI,2019-07-31,818
UKI,2019-08-01,773
UKI,2019-08-02,812
UKI,2019-08-05,892
UKI,2019-08-06,814
UKI,2019-08-07,808
UKI,2019-08-08,702
UKI,2019-08-09,815
UKI,2019-08-12,978
UKI,2019-08-13,711
UKI,2019-08-14,743
UKI,2019-08-15,664
UKI,2019-08-16,655
UKI,2019-08-19,1196
UKI,2019-08-20,581
UKI,2019-08-21,763
UKI,2019-08-22,656
UKI,2019-08-23,656
UKI,2019-08-26,526
UKI,2019-08-27,794
UKI,2019-08-28,714
UKI,2019-08-29,626
UKI,2019-08-30,737
UKI,2019-09-02,962
UKI,2019-09-03,756
UKI,2019-09-04,668
UKI,2019-09-05,690
UKI,2019-09-06,889
UKI,2019-09-09,972
UKI,2019-09-10,786
UKI,2019-09-11,713
UKI,2019-09-12,800
UKI,2019-09-13,849
UKI,2019-09-15,22
UKI,2019-09-16,933
UKI,2019-09-17,767
UKI,2019-09-18,745
UKI,2019-09-19,424
UKI,2019-09-20,926
UKI,2019-09-21,641
UKI,2019-09-23,767
UKI,2019-09-24,754
UKI,2019-09-25,810
UKI,2019-09-26,791
UKI,2019-09-27,727
UKI,2019-09-30,1101
UKI,2019-10-01,800
UKI,2019-10-02,765
UKI,2019-10-03,830
UKI,2019-10-04,783
UKI,2019-10-07,1007
UKI,2019-10-08,803
UKI,2019-10-09,819
UKI,2019-10-10,862
UKI,2019-10-11,651
UKI,2019-10-12,409
UKI,2019-10-13,21
UKI,2019-10-14,909
UKI,2019-10-15,743
UKI,2019-10-16,858
UKI,2019-10-17,769
UKI,2019-10-18,729
UKI,2019-10-20,4
UKI,2019-10-21,803
UKI,2019-10-22,788
UKI,2019-10-23,817
UKI,2019-10-24,806
UKI,2019-10-25,773
UKI,2019-10-28,1028
UKI,2019-10-29,892
UKI,2019-10-30,727
UKI,2019-10-31,669
UKI,2019-11-01,625
UKI,2019-11-04,1077
UKI,2019-11-05,798
UKI,2019-11-06,864
UKI,2019-11-07,603
UKI,2019-11-08,853
UKI,2019-11-11,856
UKI,2019-11-12,862
UKI,2019-11-13,772
UKI,2019-11-14,649
UKI,2019-11-15,700
UKI,2019-11-18,982
UKI,2019-11-19,829
UKI,2019-11-20,977
UKI,2019-11-21,671
UKI,2019-11-22,671
UKI,2019-11-25,1025
UKI,2019-11-26,777
UKI,2019-11-27,799
UKI,2019-11-28,699
UKI,2019-11-29,734
UKI,2019-12-02,1181
UKI,2019-12-03,718
UKI,2019-12-04,704
UKI,2019-12-05,819
UKI,2019-12-06,662
UKI,2019-12-09,1073
UKI,2019-12-10,674
UKI,2019-12-11,645
UKI,2019-12-12,672
UKI,2019-12-13,625
UKI,2019-12-16,892
UKI,2019-12-17,772
UKI,2019-12-18,724
UKI,2019-12-19,634
UKI,2019-12-20,681
UKI,2019-12-23,951
UKI,2019-12-24,364
UKI,2019-12-27,445
UKI,2019-12-30,789
UKI,2019-12-31,369
UKJ,2019-01-02,207
UKJ,2019-01-03,186
UKJ,2019-01-04,277
UKJ,2019-01-07,337
UKJ,2019-01-08,351
UKJ,2019-01-09,250
UKJ,2019-01-10,251
UKJ,2019-01-11,269
UKJ,2019-01-14,428
UKJ,2019-01-15,305
UKJ,2019-01-16,353
UKJ,2019-01-17,318
UKJ,2019-01-18,265
UKJ,2019-01-21,361
UKJ,2019-01-22,353
UKJ,2019-01-23,336
UKJ,2019-01-24,330
UKJ,2019-01-25,272
UKJ,2019-01-28,505
UKJ,2019-01-29,347
UKJ,2019-01-30,301
UKJ,2019-01-31,260
UKJ,2019-02-01,276
UKJ,2019-02-04,372
UKJ,2019-02-05,321
UKJ,2019-02-06,345
UKJ,2019-02-07,362
UKJ,2019-02-08,269
UKJ,2019-02-11,547
UKJ,2019-02-12,278
UKJ,2019-02-13,285
UKJ,2019-02-14,229
UKJ,2019-02-15,300
UKJ,2019-02-18,308
UKJ,2019-02-19,340
UKJ,2019-02-20,276
UKJ,2019-02-21,280
UKJ,2019-02-22,275
UKJ,2019-02-23,10
UKJ,2019-02-25,419
UKJ,2019-02-26,302
UKJ,2019-02-27,289
UKJ,2019-02-28,342
UKJ,2019-03-01,280
UKJ,2019-03-04,452
UKJ,2019-03-05,391
UKJ,2019-03-06,272
UKJ,2019-03-07,335
UKJ,2019-03-08,323
UKJ,2019-03-09,219
UKJ,2019-03-11,338
UKJ,2019-03-12,344
UKJ,2019-03-13,358
UKJ,2019-03-14,291
UKJ,2019-03-15,332
UKJ,2019-03-18,457
UKJ,2019-03-19,346
UKJ,2019-03-20,261
UKJ,2019-03-21,333
UKJ,2019-03-22,235
UKJ,2019-03-23,305
UKJ,2019-03-25,228
UKJ,2019-03-26,274
UKJ,2019-03-27,355
UKJ,2019-03-28,305
UKJ,2019-03-29,286
UKJ,2019-03-30,273
UKJ,2019-04-01,347
UKJ,2019-04-02,355
UKJ,2019-04-03,348
UKJ,2019-04-04,239
UKJ,2019-04-05,343
UKJ,2019-04-06,8
UKJ,2019-04-08,388
UKJ,2019-04-09,345
UKJ,2019-04-10,302
UKJ,2019-04-11,280
UKJ,2019-04-12,296
UKJ,2019-04-13,159
UKJ,2019-04-15,382
UKJ,2019-04-16,340
UKJ,2019-04-17,421
UKJ,2019-04-18,310
UKJ,2019-04-20,197
UKJ,2019-04-23,322
UKJ,2019-04-24,292
UKJ,2019-04-25,278
UKJ,2019-04-26,313
UKJ,2019-04-29,384
UKJ,2019-04-30,241
UKJ,2019-05-01,337
UKJ,2019-05-02,288
UKJ,2019-05-03,329
UKJ,2019-05-07,427
UKJ,2019-05-08,312
UKJ,2019-05-09,244
UKJ,2019-05-10,313
UKJ,2019-05-13,345
UKJ,2019-05-14,285
UKJ,2019-05-15,324
UKJ,2019-05-16,303
UKJ,2019-05-17,306
UKJ,2019-05-20,459
UKJ,2019-05-21,335
UKJ,2019-05-22,359
UKJ,2019-05-23,299
UKJ,2019-05-24,272
UKJ,2019-05-25,80
UKJ,2019-05-28,286
UKJ,2019-05-29,331
UKJ,2019-05-30,274
UKJ,2019-05-31,245
UKJ,2019-06-03,369
UKJ,2019-06-04,263
UKJ,2019-06-05,350
UKJ,2019-06-06,298
UKJ,2019-06-07,255
UKJ,2019-06-10,375
UKJ,2019-06-11,323
UKJ,2019-06-12,412
UKJ,2019-06-13,334
UKJ,2019-06-14,281
UKJ,2019-06-15,12
UKJ,2019-06-17,342
UKJ,2019-06-18,296
UKJ,2019-06-19,358
UKJ,2019-06-20,239
UKJ,2019-06-21,279
UKJ,2019-06-24,334
UKJ,2019-06-25,290
UKJ,2019-06-26,261
UKJ,2019-06-27,250
UKJ,2019-06-28,268
UKJ,2019-07-01,332
UKJ,2019-07-02,313
UKJ,2019-07-03,346
UKJ,2019-07-04,257
UKJ,2019-07-05,259
UKJ,2019-07-06,196
UKJ,2019-07-07,5
UKJ,2019-07-08,293
UKJ,2019-07-09,213
UKJ,2019-07-10,288
UKJ,2019-07-11,274
UKJ,2019-07-12,346
UKJ,2019-07-13,36
UKJ,2019-07-14,12
UKJ,2019-07-15,407
UKJ,2019-07-16,265
UKJ,2019-07-17,320
UKJ,2019-07-18,249
UKJ,2019-07-19,287
UKJ,2019-07-20,31
UKJ,2019-07-22,278
UKJ,2019-07-23,269
UKJ,2019-07-24,373
UKJ,2019-07-25,221
UKJ,2019-07-26,273
UKJ,2019-07-27,31
UKJ,2019-07-29,307
UKJ,2019-07-30,230
UKJ,2019-07-31,306
UKJ,2019-08-01,258
UKJ,2019-08-02,275
UKJ,2019-08-05,325
UKJ,2019-08-06,288
UKJ,2019-08-07,314
UKJ,2019-08-08,232
UKJ,2019-08-09,304
UKJ,2019-08-12,364
UKJ,2019-08-13,287
UKJ,2019-08-14,257
UKJ,2019-08-15,211
UKJ,2019-08-16,236
UKJ,2019-08-19,435
UKJ,2019-08-20,223
UKJ,2019-08-21,279
UKJ,2019-08-22,224
UKJ,2019-08-23,222
UKJ,2019-08-26,194
UKJ,2019-08-27,253
UKJ,2019-08-28,234
UKJ,2019-08-29,252
UKJ,2019-08-30,292
UKJ,2019-09-02,402
UKJ,2019-09-03,327
UKJ,2019-09-04,278
UKJ,2019-09-05,254
UKJ,2019-09-06,326
UKJ,2019-09-09,369
UKJ,2019-09-10,282
UKJ,2019-09-11,264
UKJ,2019-09-12,266
UKJ,2019-09-13,319
UKJ,2019-09-14,1
UKJ,2019-09-15,8
UKJ,2019-09-16,315
UKJ,2019-09-17,307
UKJ,2019-09-18,274
UKJ,2019-09-19,176
UKJ,2019-09-20,331
UKJ,2019-09-21,231
UKJ,2019-09-23,266
UKJ,2019-09-24,284
UKJ,2019-09-25,258
UKJ,2019-09-26,282
UKJ,2019-09-27,252
UKJ,2019-09-30,401
UKJ,2019-10-01,338
UKJ,2019-10-02,302
UKJ,2019-10-03,274
UKJ,2019-10-04,314
UKJ,2019-10-07,353
UKJ,2019-10-08,334
UKJ,2019-10-09,311
UKJ,2019-10-10,324
UKJ,2019-10-11,228
UKJ,2019-10-12,139
UKJ,2019-10-13,2
UKJ,2019-10-14,345
UKJ,2019-10-15,292
UKJ,2019-10-16,274
UKJ,2019-10-17,292
UKJ,2019-10-18,275
UKJ,2019-10-21,336
UKJ,2019-10-22,301
UKJ,2019-10-23,318
UKJ,2019-10-24,304
UKJ,2019-10-25,304
UKJ,2019-10-28,371
UKJ,2019-10-29,335
UKJ,2019-10-30,264
UKJ,2019-10-31,214
UKJ,2019-11-01,214
UKJ,2019-11-04,375
UKJ,2019-11-05,282
UKJ,2019-11-06,291
UKJ,2019-11-07,197
UKJ,2019-11-08,312
UKJ,2019-11-11,307
UKJ,2019-11-12,313
UKJ,2019-11-13,304
UKJ,2019-11-14,272
UKJ,2019-11-15,233
UKJ,2019-11-18,363
UKJ,2019-11-19,301
UKJ,2019-11-20,351
UKJ,2019-11-21,242
UKJ,2019-11-22,243
UKJ,2019-11-25,389
UKJ,2019-11-26,267
UKJ,2019-11-27,299
UKJ,2019-11-28,265
UKJ,2019-11-29,235
UKJ,2019-12-02,424
UKJ,2019-12-03,218
UKJ,2019-12-04,248
UKJ,2019-12-05,254
UKJ,2019-12-06,217
UKJ,2019-12-09,399
UKJ,2019-12-10,262
UKJ,2019-12-11,220
UKJ,2019-12-12,236
UKJ,2019-12-13,195
UKJ,2019-12-16,323
UKJ,2019-12-17,250
UKJ,2019-12-18,265
UKJ,2019-12-19,242
UKJ,2019-12-20,266
UKJ,2019-12-23,300
UKJ,2019-12-24,87
UKJ,2019-12-27,113
UKJ,2019-12-30,266
UKJ,2019-12-31,113
UKK,2019-01-02,99
UKK,2019-01-03,81
UKK,2019-01-04,137
UKK,2019-01-07,168
UKK,2019-01-08,156
UKK,2019-01-09,123
UKK,2019-01-10,133
UKK,2019-01-11,125
UKK,2019-01-14,202
UKK,2019-01-15,162
UKK,2019-01-16,184
UKK,2019-01-17,142
UKK,2019-01-18,131
UKK,2019-01-21,160
UKK,2019-01-22,161
UKK,2019-01-23,149
UKK,2019-01-24,124
UKK,2019-01-25,149
UKK,2019-01-28,240
UKK,2019-01-29,160
UKK,2019-01-30,115
UKK,2019-01-31,111
UKK,2019-02-01,125
UKK,2019-02-04,163
UKK,2019-02-05,146
UKK,2019-02-06,150
UKK,2019-02-07,158
UKK,2019-02-08,134
UKK,2019-02-11,247
UKK,2019-02-12,159
UKK,2019-02-13,155
UKK,2019-02-14,138
UKK,2019-02-15,131
UKK,2019-02-18,154
UKK,2019-02-19,185
UKK,2019-02-20,175
UKK,2019-02-21,123
UKK,2019-02-22,136
UKK,2019-02-23,7
UKK,2019-02-25,199
UKK,2019-02-26,144
UKK,2019-02-27,144
UKK,2019-02-28,153
UKK,2019-03-01,132
UKK,2019-03-02,1
UKK,2019-03-04,258
UKK,2019-03-05,176
UKK,2019-03-06,154
UKK,2019-03-07,163
UKK,2019-03-08,185
UKK,2019-03-09,111
UKK,2019-03-11,145
UKK,2019-03-12,170
UKK,2019-03-13,203
UKK,2019-03-14,121
UKK,2019-03-15,154
UKK,2019-03-18,215
UKK,2019-03-19,180
UKK,2019-03-20,171
UKK,2019-03-21,202
UKK,2019-03-22,151
UKK,2019-03-23,150
UKK,2019-03-25,105
UKK,2019-03-26,114
UKK,2019-03-27,192
UKK,2019-03-28,138
UKK,2019-03-29,148
UKK,2019-03-30,145
UKK,2019-04-01,164
UKK,2019-04-02,139
UKK,2019-04-03,178
UKK,2019-04-04,120
UKK,2019-04-05,179
UKK,2019-04-06,5
UKK,2019-04-08,208
UKK,2019-04-09,179
UKK,2019-04-10,164
UKK,2019-04-11,153
UKK,2019-04-12,156
UKK,2019-04-13,55
UKK,2019-04-15,135
UKK,2019-04-16,126
UKK,2019-04-17,129
UKK,2019-04-18,171
UKK,2019-04-20,101
UKK,2019-04-23,163
UKK,2019-04-24,144
UKK,2019-04-25,163
UKK,2019-04-26,143
UKK,2019-04-27,1
UKK,2019-04-29,184
UKK,2019-04-30,129
UKK,2019-05-01,166
UKK,2019-05-02,147
UKK,2019-05-03,173
UKK,2019-05-07,176
UKK,2019-05-08,140
UKK,2019-05-09,139
UKK,2019-05-10,161
UKK,2019-05-13,153
UKK,2019-05-14,143
UKK,2019-05-15,156
UKK,2019-05-16,128
UKK,2019-05-17,137
UKK,2019-05-20,211
UKK,2019-05-21,145
UKK,2019-05-22,162
UKK,2019-05-23,139
UKK,2019-05-24,141
UKK,2019-05-25,31
UKK,2019-05-28,125
UKK,2019-05-29,150
UKK,2019-05-30,117
UKK,2019-05-31,116
UKK,2019-06-03,152
UKK,2019-06-04,132
UKK,2019-06-05,178
UKK,2019-06-06,144
UKK,2019-06-07,157
UKK,2019-06-10,186
UKK,2019-06-11,157
UKK,2019-06-12,150
UKK,2019-06-13,139
UKK,2019-06-14,138
UKK,2019-06-15,9
UKK,2019-06-17,152
UKK,2019-06-18,114
UKK,2019-06-19,167
UKK,2019-06-20,126
UKK,2019-06-21,130
UKK,2019-06-24,155
UKK,2019-06-25,140
UKK,2019-06-26,133
UKK,2019-06-27,117
UKK,2019-06-28,127
UKK,2019-07-01,143
UKK,2019-07-02,143
UKK,2019-07-03,158
UKK,2019-07-04,104
UKK,2019-07-05,112
UKK,2019-07-06,107
UKK,2019-07-07,2
UKK,2019-07-08,145
UKK,2019-07-09,110
UKK,2019-07-10,143
UKK,2019-07-11,154
UKK,2019-07-12,154
UKK,2019-07-13,19
UKK,2019-07-14,5
UKK,2019-07-15,171
UKK,2019-07-16,117
UKK,2019-07-17,220
UKK,2019-07-18,135
UKK,2019-07-19,197
UKK,2019-07-20,21
UKK,2019-07-22,111
UKK,2019-07-23,127
UKK,2019-07-24,180
UKK,2019-07-25,122
UKK,2019-07-26,146
UKK,2019-07-27,16
UKK,2019-07-29,139
UKK,2019-07-30,132
UKK,2019-07-31,143
UKK,2019-08-01,127
UKK,2019-08-02,165
UKK,2019-08-05,174
UKK,2019-08-06,129
UKK,2019-08-07,156
UKK,2019-08-08,142
UKK,2019-08-09,136
UKK,2019-08-12,188
UKK,2019-08-13,126
UKK,2019-08-14,107
UKK,2019-08-15,88
UKK,2019-08-16,128
UKK,2019-08-19,203
UKK,2019-08-20,106
UKK,2019-08-21,137
UKK,2019-08-22,112
UKK,2019-08-23,130
UKK,2019-08-26,91
UKK,2019-08-27,132
UKK,2019-08-28,132
UKK,2019-08-29,115
UKK,2019-08-30,129
UKK,2019-09-02,182
UKK,2019-09-03,120
UKK,2019-09-04,116
UKK,2019-09-05,116
UKK,2019-09-06,151
UKK,2019-09-09,164
UKK,2019-09-10,132
UKK,2019-09-11,127
UKK,2019-09-12,124
UKK,2019-09-13,167
UKK,2019-09-15,8
UKK,2019-09-16,153
UKK,2019-09-17,166
UKK,2019-09-18,124
UKK,2019-09-19,101
UKK,2019-09-20,177
UKK,2019-09-21,122
UKK,2019-09-23,127
UKK,2019-09-24,142
UKK,2019-09-25,124
UKK,2019-09-26,142
UKK,2019-09-27,123
UKK,2019-09-30,158
UKK,2019-10-01,164
UKK,2019-10-02,155
UKK,2019-10-03,156
UKK,2019-10-04,159
UKK,2019-10-07,192
UKK,2019-10-08,156
UKK,2019-10-09,145
UKK,2019-10-10,192
UKK,2019-10-11,91
UKK,2019-10-12,86
UKK,2019-10-13,4
UKK,2019-10-14,155
UKK,2019-10-15,128
UKK,2019-10-16,143
UKK,2019-10-17,145
UKK,2019-10-18,162
UKK,2019-10-20,2
UKK,2019-10-21,147
UKK,2019-10-22,115
UKK,2019-10-23,152
UKK,2019-10-24,176
UKK,2019-10-25,115
UKK,2019-10-28,167
UKK,2019-10-29,153
UKK,2019-10-30,120
UKK,2019-10-31,121
UKK,2019-11-01,116
UKK,2019-11-04,170
UKK,2019-11-05,134
UKK,2019-11-06,135
UKK,2019-11-07,110
UKK,2019-11-08,161
UKK,2019-11-11,144
UKK,2019-11-12,160
UKK,2019-11-13,136
UKK,2019-11-14,114
UKK,2019-11-15,120
UKK,2019-11-18,173
UKK,2019-11-19,131
UKK,2019-11-20,178
UKK,2019-11-21,90
UKK,2019-11-22,110
UKK,2019-11-25,195
UKK,2019-11-26,125
UKK,2019-11-27,139
UKK,2019-11-28,114
UKK,2019-11-29,131
UKK,2019-12-02,184
UKK,2019-12-03,91
UKK,2019-12-04,101
UKK,2019-12-05,148
UKK,2019-12-06,116
UKK,2019-12-09,156
UKK,2019-12-10,97
UKK,2019-12-11,89
UKK,2019-12-12,138
UKK,2019-12-13,87
UKK,2019-12-16,174
UKK,2019-12-17,110
UKK,2019-12-18,112
UKK,2019-12-19,132
UKK,2019-12-20,123
UKK,2019-12-23,136
UKK,2019-12-24,60
UKK,2019-12-27,47
UKK,2019-12-30,144
UKK,2019-12-31,58
UKL,2019-01-02,61
UKL,2019-01-03,43
UKL,2019-01-04,68
UKL,2019-01-07,85
UKL,2019-01-08,83
UKL,2019-01-09,56
UKL,2019-01-10,76
UKL,2019-01-11,57
UKL,2019-01-14,92
UKL,2019-01-15,60
UKL,2019-01-16,78
UKL,2019-01-17,68
UKL,2019-01-18,77
UKL,2019-01-21,84
UKL,2019-01-22,75
UKL,2019-01-23,62
UKL,2019-01-24,65
UKL,2019-01-25,52
UKL,2019-01-28,107
UKL,2019-01-29,78
UKL,2019-01-30,55
UKL,2019-01-31,64
UKL,2019-02-01,61
UKL,2019-02-04,88
UKL,2019-02-05,78
UKL,2019-02-06,75
UKL,2019-02-07,87
UKL,2019-02-08,62
UKL,2019-02-11,121
UKL,2019-02-12,80
UKL,2019-02-13,88
UKL,2019-02-14,65
UKL,2019-02-15,83
UKL,2019-02-18,70
UKL,2019-02-19,72
UKL,2019-02-20,64
UKL,2019-02-21,57
UKL,2019-02-22,65
UKL,2019-02-23,1
UKL,2019-02-25,117
UKL,2019-02-26,72
UKL,2019-02-27,47
UKL,2019-02-28,62
UKL,2019-03-01,60
UKL,2019-03-04,133
UKL,2019-03-05,91
UKL,2019-03-06,63
UKL,2019-03-07,77
UKL,2019-03-08,99
UKL,2019-03-09,50
UKL,2019-03-11,78
UKL,2019-03-12,66
UKL,2019-03-13,87
UKL,2019-03-14,74
UKL,2019-03-15,77
UKL,2019-03-18,72
UKL,2019-03-19,88
UKL,2019-03-20,72
UKL,2019-03-21,94
UKL,2019-03-22,50
UKL,2019-03-23,79
UKL,2019-03-25,129
UKL,2019-03-26,70
UKL,2019-03-27,105
UKL,2019-03-28,81
UKL,2019-03-29,83
UKL,2019-03-30,60
UKL,2019-04-01,87
UKL,2019-04-02,65
UKL,2019-04-03,79
UKL,2019-04-04,66
UKL,2019-04-05,98
UKL,2019-04-08,112
UKL,2019-04-09,69
UKL,2019-04-10,80
UKL,2019-04-11,109
UKL,2019-04-12,99
UKL,2019-04-13,42
UKL,2019-04-15,75
UKL,2019-04-16,62
UKL,2019-04-17,53
UKL,2019-04-18,54
UKL,2019-04-20,57
UKL,2019-04-23,76
UKL,2019-04-24,59
UKL,2019-04-25,80
UKL,2019-04-26,57
UKL,2019-04-27,2
UKL,2019-04-29,98
UKL,2019-04-30,64
UKL,2019-05-01,76
UKL,2019-05-02,64
UKL,2019-05-03,92
UKL,2019-05-07,106
UKL,2019-05-08,95
UKL,2019-05-09,84
UKL,2019-05-10,96
UKL,2019-05-13,74
UKL,2019-05-14,77
UKL,2019-05-15,93
UKL,2019-05-16,105
UKL,2019-05-17,103
UKL,2019-05-20,122
UKL,2019-05-21,78
UKL,2019-05-22,75
UKL,2019-05-23,71
UKL,2019-05-24,68
UKL,2019-05-25,24
UKL,2019-05-28,51
UKL,2019-05-29,60
UKL,2019-05-30,64
UKL,2019-05-31,66
UKL,2019-06-03,114
UKL,2019-06-04,54
UKL,2019-06-05,74
UKL,2019-06-06,69
UKL,2019-06-07,53
UKL,2019-06-10,83
UKL,2019-06-11,97
UKL,2019-06-12,91
UKL,2019-06-13,88
UKL,2019-06-14,98
UKL,2019-06-15,3
UKL,2019-06-17,100
UKL,2019-06-18,92
UKL,2019-06-19,74
UKL,2019-06-20,60
UKL,2019-06-21,81
UKL,2019-06-24,75
UKL,2019-06-25,86
UKL,2019-06-26,60
UKL,2019-06-27,55
UKL,2019-06-28,63
UKL,2019-07-01,93
UKL,2019-07-02,75
UKL,2019-07-03,80
UKL,2019-07-04,62
UKL,2019-07-05,56
UKL,2019-07-06,57
UKL,2019-07-08,80
UKL,2019-07-09,44
UKL,2019-07-10,65
UKL,2019-07-11,72
UKL,2019-07-12,75
UKL,2019-07-13,5
UKL,2019-07-14,4
UKL,2019-07-15,93
UKL,2019-07-16,53
UKL,2019-07-17,87
UKL,2019-07-18,48
UKL,2019-07-19,79
UKL,2019-07-20,12
UKL,2019-07-22,61
UKL,2019-07-23,53
UKL,2019-07-24,88
UKL,2019-07-25,52
UKL,2019-07-26,70
UKL,2019-07-27,3
UKL,2019-07-29,71
UKL,2019-07-30,69
UKL,2019-07-31,64
UKL,2019-08-01,73
UKL,2019-08-02,77
UKL,2019-08-05,88
UKL,2019-08-06,78
UKL,2019-08-07,74
UKL,2019-08-08,77
UKL,2019-08-09,80
UKL,2019-08-12,91
UKL,2019-08-13,69
UKL,2019-08-14,59
UKL,2019-08-15,54
UKL,2019-08-16,59
UKL,2019-08-19,98
UKL,2019-08-20,53
UKL,2019-08-21,75
UKL,2019-08-22,58
UKL,2019-08-23,67
UKL,2019-08-26,48
UKL,2019-08-27,53
UKL,2019-08-28,76
UKL,2019-08-29,68
UKL,2019-08-30,38
UKL,2019-09-02,87
UKL,2019-09-03,56
UKL,2019-09-04,70
UKL,2019-09-05,73
UKL,2019-09-06,82
UKL,2019-09-09,80
UKL,2019-09-10,66
UKL,2019-09-11,60
UKL,2019-09-12,84
UKL,2019-09-13,84
UKL,2019-09-15,6
UKL,2019-09-16,76
UKL,2019-09-17,65
UKL,2019-09-18,57
UKL,2019-09-19,48
UKL,2019-09-20,66
UKL,2019-09-21,54
UKL,2019-09-23,64
UKL,2019-09-24,68
UKL,2019-09-25,58
UKL,2019-09-26,69
UKL,2019-09-27,63
UKL,2019-09-30,79
UKL,2019-10-01,66
UKL,2019-10-02,65
UKL,2019-10-03,72
UKL,2019-10-04,58
UKL,2019-10-07,74
UKL,2019-10-08,67
UKL,2019-10-09,66
UKL,2019-10-10,109
UKL,2019-10-11,46
UKL,2019-10-12,40
UKL,2019-10-13,2
UKL,2019-10-14,72
UKL,2019-10-15,62
UKL,2019-10-16,73
UKL,2019-10-17,77
UKL,2019-10-18,66
UKL,2019-10-21,62
UKL,2019-10-22,61
UKL,2019-10-23,62
UKL,2019-10-24,68
UKL,2019-10-25,70
UKL,2019-10-28,78
UKL,2019-10-29,62
UKL,2019-10-30,59
UKL,2019-10-31,75
UKL,2019-11-01,42
UKL,2019-11-04,72
UKL,2019-11-05,45
UKL,2019-11-06,67
UKL,2019-11-07,54
UKL,2019-11-08,79
UKL,2019-11-11,62
UKL,2019-11-12,63
UKL,2019-11-13,52
UKL,2019-11-14,61
UKL,2019-11-15,54
UKL,2019-11-18,82
UKL,2019-11-19,65
UKL,2019-11-20,75
UKL,2019-11-21,47
UKL,2019-11-22,55
UKL,2019-11-25,87
UKL,2019-11-26,60
UKL,2019-11-27,70
UKL,2019-11-28,49
UKL,2019-11-29,38
UKL,2019-12-02,64
UKL,2019-12-03,80
UKL,2019-12-04,48
UKL,2019-12-05,59
UKL,2019-12-06,67
UKL,2019-12-09,70
UKL,2019-12-10,46
UKL,2019-12-11,52
UKL,2019-12-12,54
UKL,2019-12-13,48
UKL,2019-12-16,78
UKL,2019-12-17,69
UKL,2019-12-18,42
UKL,2019-12-19,57
UKL,2019-12-20,45
UKL,2019-12-23,50
UKL,2019-12-24,27
UKL,2019-12-27,25
UKL,2019-12-30,59
UKL,2019-12-31,24
UKM,2019-01-02,1
UKM,2019-01-03,108
UKM,2019-01-04,79
UKM,2019-01-07,124
UKM,2019-01-08,141
UKM,2019-01-09,152
UKM,2019-01-10,95
UKM,2019-01-11,122
UKM,2019-01-14,152
UKM,2019-01-15,138
UKM,2019-01-16,101
UKM,2019-01-17,116
UKM,2019-01-18,123
UKM,2019-01-21,145
UKM,2019-01-22,121
UKM,2019-01-23,135
UKM,2019-01-24,127
UKM,2019-01-25,95
UKM,2019-01-28,179
UKM,2019-01-29,95
UKM,2019-01-30,143
UKM,2019-01-31,115
UKM,2019-02-01,112
UKM,2019-02-04,192
UKM,2019-02-05,123
UKM,2019-02-06,153
UKM,2019-02-07,129
UKM,2019-02-08,133
UKM,2019-02-11,156
UKM,2019-02-12,150
UKM,2019-02-13,137
UKM,2019-02-14,100
UKM,2019-02-15,131
UKM,2019-02-18,142
UKM,2019-02-19,191
UKM,2019-02-20,166
UKM,2019-02-21,91
UKM,2019-02-22,175
UKM,2019-02-25,207
UKM,2019-02-26,112
UKM,2019-02-27,164
UKM,2019-02-28,130
UKM,2019-03-01,140
UKM,2019-03-04,144
UKM,2019-03-05,197
UKM,2019-03-06,158
UKM,2019-03-07,75
UKM,2019-03-08,170
UKM,2019-03-11,182
UKM,2019-03-12,225
UKM,2019-03-13,141
UKM,2019-03-14,151
UKM,2019-03-15,80
UKM,2019-03-18,194
UKM,2019-03-19,173
UKM,2019-03-20,116
UKM,2019-03-21,96
UKM,2019-03-22,190
UKM,2019-03-23,1
UKM,2019-03-25,203
UKM,2019-03-26,121
UKM,2019-03-27,149
UKM,2019-03-28,62
UKM,2019-03-29,235
UKM,2019-04-01,164
UKM,2019-04-02,154
UKM,2019-04-03,135
UKM,2019-04-04,115
UKM,2019-04-05,141
UKM,2019-04-08,172
UKM,2019-04-09,98
UKM,2019-04-10,135
UKM,2019-04-11,127
UKM,2019-04-12,125
UKM,2019-04-15,138
UKM,2019-04-16,116
UKM,2019-04-17,165
UKM,2019-04-18,166
UKM,2019-04-20,1
UKM,2019-04-23,218
UKM,2019-04-24,168
UKM,2019-04-25,100
UKM,2019-04-26,113
UKM,2019-04-29,168
UKM,2019-04-30,138
UKM,2019-05-01,149
UKM,2019-05-02,120
UKM,2019-05-03,105
UKM,2019-05-07,213
UKM,2019-05-08,151
UKM,2019-05-09,118
UKM,2019-05-10,154
UKM,2019-05-13,149
UKM,2019-05-14,150
UKM,2019-05-15,130
UKM,2019-05-16,136
UKM,2019-05-17,104
UKM,2019-05-21,205
UKM,2019-05-22,179
UKM,2019-05-23,175
UKM,2019-05-24,161
UKM,2019-05-28,138
UKM,2019-05-29,173
UKM,2019-05-30,155
UKM,2019-05-31,111
UKM,2019-06-03,163
UKM,2019-06-04,100
UKM,2019-06-05,109
UKM,2019-06-06,94
UKM,2019-06-07,94
UKM,2019-06-10,197
UKM,2019-06-11,127
UKM,2019-06-12,155
UKM,2019-06-13,122
UKM,2019-06-14,109
UKM,2019-06-17,136
UKM,2019-06-18,99
UKM,2019-06-19,113
UKM,2019-06-20,118
UKM,2019-06-21,116
UKM,2019-06-24,160
UKM,2019-06-25,143
UKM,2019-06-26,104
UKM,2019-06-27,140
UKM,2019-06-28,91
UKM,2019-07-01,167
UKM,2019-07-02,94
UKM,2019-07-03,94
UKM,2019-07-04,114
UKM,2019-07-05,95
UKM,2019-07-08,186
UKM,2019-07-09,107
UKM,2019-07-10,128
UKM,2019-07-11,110
UKM,2019-07-12,124
UKM,2019-07-15,146
UKM,2019-07-16,101
UKM,2019-07-17,142
UKM,2019-07-18,119
UKM,2019-07-19,110
UKM,2019-07-22,154
UKM,2019-07-23,126
UKM,2019-07-24,104
UKM,2019-07-25,89
UKM,2019-07-26,75
UKM,2019-07-29,128
UKM,2019-07-30,128
UKM,2019-07-31,119
UKM,2019-08-01,120
UKM,2019-08-02,130
UKM,2019-08-05,176
UKM,2019-08-06,94
UKM,2019-08-07,146
UKM,2019-08-08,111
UKM,2019-08-09,93
UKM,2019-08-12,160
UKM,2019-08-13,140
UKM,2019-08-14,115
UKM,2019-08-15,103
UKM,2019-08-16,99
UKM,2019-08-19,158
UKM,2019-08-20,156
UKM,2019-08-21,96
UKM,2019-08-22,135
UKM,2019-08-23,98
UKM,2019-08-26,1
UKM,2019-08-27,183
UKM,2019-08-28,162
UKM,2019-08-29,120
UKM,2019-08-30,119
UKM,2019-09-02,160
UKM,2019-09-03,119
UKM,2019-09-04,110
UKM,2019-09-05,150
UKM,2019-09-06,124
UKM,2019-09-09,140
UKM,2019-09-10,75
UKM,2019-09-11,123
UKM,2019-09-12,173
UKM,2019-09-13,100
UKM,2019-09-16,120
UKM,2019-09-17,181
UKM,2019-09-18,41
UKM,2019-09-19,108
UKM,2019-09-20,164
UKM,2019-09-23,145
UKM,2019-09-24,169
UKM,2019-09-25,130
UKM,2019-09-26,154
UKM,2019-09-27,119
UKM,2019-09-30,161
UKM,2019-10-01,121
UKM,2019-10-02,170
UKM,2019-10-03,105
UKM,2019-10-04,117
UKM,2019-10-07,183
UKM,2019-10-08,130
UKM,2019-10-09,126
UKM,2019-10-10,102
UKM,2019-10-11,128
UKM,2019-10-12,1
UKM,2019-10-14,120
UKM,2019-10-15,132
UKM,2019-10-16,116
UKM,2019-10-17,96
UKM,2019-10-18,107
UKM,2019-10-20,1
UKM,2019-10-21,115
UKM,2019-10-22,122
UKM,2019-10-23,110
UKM,2019-10-24,118
UKM,2019-10-25,71
UKM,2019-10-28,168
UKM,2019-10-29,107
UKM,2019-10-30,77
UKM,2019-10-31,101
UKM,2019-11-01,131
UKM,2019-11-04,145
UKM,2019-11-05,111
UKM,2019-11-06,164
UKM,2019-11-07,125
UKM,2019-11-08,69
UKM,2019-11-11,186
UKM,2019-11-12,141
UKM,2019-11-13,76
UKM,2019-11-14,121
UKM,2019-11-15,90
UKM,2019-11-18,181
UKM,2019-11-19,90
UKM,2019-11-20,113
UKM,2019-11-21,150
UKM,2019-11-22,71
UKM,2019-11-25,169
UKM,2019-11-26,154
UKM,2019-11-27,49
UKM,2019-11-28,117
UKM,2019-11-29,140
UKM,2019-12-02,191
UKM,2019-12-03,100
UKM,2019-12-04,97
UKM,2019-12-05,63
UKM,2019-12-06,94
UKM,2019-12-09,138
UKM,2019-12-10,99
UKM,2019-12-11,112
UKM,2019-12-12,91
UKM,2019-12-13,74
UKM,2019-12-16,171
UKM,2019-12-17,76
UKM,2019-12-18,100
UKM,2019-12-19,92
UKM,2019-12-20,79
UKM,2019-12-23,99
UKM,2019-12-24,55
UKM,2019-12-27,47
UKM,2019-12-30,94
UKM,2019-12-31,62
UKN,2019-01-02,24
UKN,2019-01-03,28
UKN,2019-01-04,29
UKN,2019-01-07,31
UKN,2019-01-08,31
UKN,2019-01-09,30
UKN,2019-01-10,32
UKN,2019-01-11,27
UKN,2019-01-14,37
UKN,2019-01-15,24
UKN,2019-01-16,27
UKN,2019-01-17,17
UKN,2019-01-18,39
UKN,2019-01-21,33
UKN,2019-01-22,22
UKN,2019-01-23,27
UKN,2019-01-24,22
UKN,2019-01-25,28
UKN,2019-01-28,33
UKN,2019-01-29,22
UKN,2019-01-30,39
UKN,2019-01-31,19
UKN,2019-02-01,29
UKN,2019-02-04,43
UKN,2019-02-05,23
UKN,2019-02-06,28
UKN,2019-02-07,37
UKN,2019-02-08,33
UKN,2019-02-11,51
UKN,2019-02-12,34
UKN,2019-02-13,43
UKN,2019-02-14,40
UKN,2019-02-15,22
UKN,2019-02-18,46
UKN,2019-02-19,30
UKN,2019-02-20,38
UKN,2019-02-21,34
UKN,2019-02-22,34
UKN,2019-02-25,39
UKN,2019-02-26,29
UKN,2019-02-27,23
UKN,2019-02-28,30
UKN,2019-03-01,42
UKN,2019-03-04,49
UKN,2019-03-05,28
UKN,2019-03-06,29
UKN,2019-03-07,20
UKN,2019-03-08,60
UKN,2019-03-11,56
UKN,2019-03-12,30
UKN,2019-03-13,31
UKN,2019-03-14,31
UKN,2019-03-15,42
UKN,2019-03-19,51
UKN,2019-03-20,20
UKN,2019-03-21,38
UKN,2019-03-22,27
UKN,2019-03-25,49
UKN,2019-03-26,47
UKN,2019-03-27,39
UKN,2019-03-28,35
UKN,2019-03-29,37
UKN,2019-04-01,41
UKN,2019-04-02,43
UKN,2019-04-03,40
UKN,2019-04-04,61
UKN,2019-04-05,24
UKN,2019-04-08,38
UKN,2019-04-09,28
UKN,2019-04-10,42
UKN,2019-04-11,37
UKN,2019-04-12,35
UKN,2019-04-15,55
UKN,2019-04-16,39
UKN,2019-04-17,46
UKN,2019-04-18,37
UKN,2019-04-23,49
UKN,2019-04-24,30
UKN,2019-04-25,29
UKN,2019-04-26,35
UKN,2019-04-29,36
UKN,2019-04-30,42
UKN,2019-05-01,39
UKN,2019-05-02,50
UKN,2019-05-03,29
UKN,2019-05-07,45
UKN,2019-05-08,40
UKN,2019-05-09,34
UKN,2019-05-10,44
UKN,2019-05-13,43
UKN,2019-05-14,41
UKN,2019-05-15,53
UKN,2019-05-16,31
UKN,2019-05-17,43
UKN,2019-05-20,34
UKN,2019-05-21,44
UKN,2019-05-22,45
UKN,2019-05-23,30
UKN,2019-05-24,32
UKN,2019-05-28,54
UKN,2019-05-29,41
UKN,2019-05-30,42
UKN,2019-05-31,29
UKN,2019-06-03,40
UKN,2019-06-04,41
UKN,2019-06-05,49
UKN,2019-06-06,38
UKN,2019-06-07,20
UKN,2019-06-10,38
UKN,2019-06-11,25
UKN,2019-06-12,47
UKN,2019-06-13,32
UKN,2019-06-14,22
UKN,2019-06-15,5
UKN,2019-06-17,27
UKN,2019-06-18,49
UKN,2019-06-19,53
UKN,2019-06-20,22
UKN,2019-06-21,24
UKN,2019-06-24,42
UKN,2019-06-25,26
UKN,2019-06-26,34
UKN,2019-06-27,35
UKN,2019-06-28,33
UKN,2019-07-01,28
UKN,2019-07-02,41
UKN,2019-07-03,25
UKN,2019-07-04,32
UKN,2019-07-05,15
UKN,2019-07-08,34
UKN,2019-07-09,41
UKN,2019-07-10,37
UKN,2019-07-11,40
UKN,2019-07-16,71
UKN,2019-07-17,36
UKN,2019-07-18,42
UKN,2019-07-19,22
UKN,2019-07-22,39
UKN,2019-07-23,31
UKN,2019-07-24,37
UKN,2019-07-25,26
UKN,2019-07-26,30
UKN,2019-07-29,57
UKN,2019-07-30,27
UKN,2019-07-31,29
UKN,2019-08-01,35
UKN,2019-08-02,14
UKN,2019-08-05,31
UKN,2019-08-06,19
UKN,2019-08-07,36
UKN,2019-08-08,24
UKN,2019-08-09,27
UKN,2019-08-12,34
UKN,2019-08-13,22
UKN,2019-08-14,21
UKN,2019-08-15,27
UKN,2019-08-16,29
UKN,2019-08-19,28
UKN,2019-08-20,27
UKN,2019-08-21,30
UKN,2019-08-22,26
UKN,2019-08-23,21
UKN,2019-08-27,42
UKN,2019-08-28,33
UKN,2019-08-29,34
UKN,2019-08-30,36
UKN,2019-09-02,37
UKN,2019-09-03,22
UKN,2019-09-04,39
UKN,2019-09-05,39
UKN,2019-09-06,25
UKN,2019-09-09,34
UKN,2019-09-10,32
UKN,2019-09-11,31
UKN,2019-09-12,25
UKN,2019-09-13,36
UKN,2019-09-16,33
UKN,2019-09-17,24
UKN,2019-09-18,31
UKN,2019-09-19,37
UKN,2019-09-20,19
UKN,2019-09-23,48
UKN,2019-09-24,33
UKN,2019-09-25,28
UKN,2019-09-26,31
UKN,2019-09-27,18
UKN,2019-09-30,39
UKN,2019-10-01,43
UKN,2019-10-02,30
UKN,2019-10-03,23
UKN,2019-10-04,49
UKN,2019-10-07,47
UKN,2019-10-08,22
UKN,2019-10-09,32
UKN,2019-10-10,28
UKN,2019-10-11,37
UKN,2019-10-12,1
UKN,2019-10-14,38
UKN,2019-10-15,35
UKN,2019-10-16,29
UKN,2019-10-17,38
UKN,2019-10-18,16
UKN,2019-10-21,24
UKN,2019-10-22,46
UKN,2019-10-23,27
UKN,2019-10-24,36
UKN,2019-10-25,31
UKN,2019-10-28,31
UKN,2019-10-29,23
UKN,2019-10-30,37
UKN,2019-10-31,16
UKN,2019-11-01,16
UKN,2019-11-04,22
UKN,2019-11-05,29
UKN,2019-11-06,30
UKN,2019-11-07,25
UKN,2019-11-08,27
UKN,2019-11-11,29
UKN,2019-11-12,34
UKN,2019-11-13,39
UKN,2019-11-14,30
UKN,2019-11-15,32
UKN,2019-11-18,40
UKN,2019-11-19,24
UKN,2019-11-20,61
UKN,2019-11-21,22
UKN,2019-11-22,26
UKN,2019-11-25,26
UKN,2019-11-26,60
UKN,2019-11-27,48
UKN,2019-11-28,27
UKN,2019-11-29,15
UKN,2019-12-02,72
UKN,2019-12-03,29
UKN,2019-12-04,24
UKN,2019-12-05,26
UKN,2019-12-06,29
UKN,2019-12-09,41
UKN,2019-12-10,17
UKN,2019-12-11,41
UKN,2019-12-12,19
UKN,2019-12-13,31
UKN,2019-12-16,35
UKN,2019-12-17,33
UKN,2019-12-18,21
UKN,2019-12-19,15
UKN,2019-12-20,28
UKN,2019-12-23,15
UKN,2019-12-24,8
UKN,2019-12-27,3
UKN,2019-12-30,13
UKN,2019-12-31,10
